iteration,max_diff,R_max_diff,W_max_diff,Z_diff
1,4.0220430389609456,4.0220430389609456,0.0334786704767612,1.3783071557983355
2,0.9766429674287154,0.9766429674287154,0.0406322375003677,0.2232539409397526
3,0.0427007885854310,0.0278951447725067,0.0427007885854310,0.0004169266079995
4,0.1960839853191483,0.1960839853191483,0.0433580001828587,0.0398110279258791
5,0.1416974709996862,0.1416974709996862,0.0432586360627243,0.0203789222970060
6,0.0964123022945844,0.0964123022945844,0.0431678297736554,0.0098330040840869
7,0.0593506550941850,0.0593506550941850,0.0430868694462400,0.0044096077576454
8,0.0430159633264878,0.0301446751050031,0.0430159633264878,0.0018453977828345
9,0.0429545883777181,0.0081510973662418,0.0429545883777181,0.0007908976201643
10,0.0429017187136320,0.0202234069997214,0.0429017187136320,0.0004619353678471
11,0.0428559845332664,0.0314306861654390,0.0428559845332664,0.0004260176800555
12,0.0428157963791873,0.0379323976171725,0.0428157963791873,0.0004670780894494
13,0.0428080595603506,0.0366074330938939,0.0428080595603506,0.0004541178684149
14,0.0427976941357506,0.0351577426361506,0.0427976941357506,0.0004422976047713
15,0.0427845579848438,0.0337031547927623,0.0427845579848438,0.0004328964482188
16,0.0427685214691004,0.0323415827480220,0.0427685214691004,0.0004262954115138
17,0.0427494874706808,0.0311455541226157,0.0427494874706808,0.0004222007202722
18,0.0427274001989583,0.0301604740017213,0.0427274001989583,0.0004199530309964
19,0.0427022465440982,0.0294054062994509,0.0427022465440982,0.0004188188805567
20,0.0426740519577723,0.0288762002192836,0.0426740519577723,0.0004181912023878
21,0.0426428726032428,0.0285503598742396,0.0426428726032428,0.0004176756676490
22,0.0426087854791472,0.0283928703542163,0.0426087854791472,0.0004170825207092
23,0.0425718780860880,0.0283621818723616,0.0425718780860880,0.0004163655640425
24,0.0425322389316275,0.0284156672476687,0.0425322389316275,0.0004155499815493
25,0.0424899497992727,0.0285140569955667,0.0424899497992727,0.0004146766410474
26,0.0424450803042723,0.0286245731041227,0.0424450803042723,0.0004137728036304
27,0.0423976848814760,0.0287226890148768,0.0423976848814760,0.0004128456180499
28,0.0423478020388022,0.0287926141946901,0.0423478020388022,0.0004118885338172
29,0.0422954554855062,0.0288267242621504,0.0422954554855062,0.0004108909429605
30,0.0422406566128750,0.0288242289879836,0.0422406566128750,0.0004098450470754
31,0.0421834077600955,0.0287893942841790,0.0421834077600955,0.0004087481714693
32,0.0421237057263438,0.0287296181513411,0.0421237057263438,0.0004076016361584
33,0.0420615450738172,0.0286536142450461,0.0420615450738172,0.0004064083168144
34,0.0419969208855997,0.0285698909966572,0.0419969208855997,0.0004051706325535
35,0.0419298307769396,0.0284856398843627,0.0419298307769396,0.0004038897051055
36,0.0418602760903427,0.0284060734779643,0.0418602760903427,0.0004025655529410
37,0.0417882623187666,0.0283341905673715,0.0417882623187666,0.0004011977585366
38,0.0417137988866544,0.0282708978910511,0.0417137988866544,0.0003997860717893
39,0.0416368984703556,0.0282153887053107,0.0416368984703556,0.0003983306791399
40,0.0415575760576453,0.0281656678070536,0.0415575760576453,0.0003968321480251
41,0.0414758479349194,0.0281191183212958,0.0414758479349194,0.0003952912113401
42,0.0413917307575836,0.0280730235574755,0.0413917307575836,0.0003937085659236
43,0.0413052408129841,0.0280249826557066,0.0413052408129841,0.0003920847795539
44,0.0412163935346970,0.0279731867153204,0.0412163935346970,0.0003904203077064
45,0.0411252032796534,0.0279165484171660,0.0411252032796534,0.0003887155664641
46,0.0410316833409814,0.0278546997031536,0.0410316833409814,0.0003869710014484
47,0.0409358461428525,0.0277878870205101,0.0409358461428525,0.0003851871193044
48,0.0408377035500402,0.0277168013813878,0.0408377035500402,0.0003833644804272
49,0.0407372672234218,0.0276423815051895,0.0407372672234218,0.0003815036718886
50,0.0406345489609439,0.0275656238649162,0.0406345489609439,0.0003796052820436
51,0.0405295609784879,0.0274874252821592,0.0405295609784879,0.0003776698890500
52,0.0404223161031982,0.0274084736906543,0.0404223161031982,0.0003756980636591
53,0.0403128278700147,0.0273291925711070,0.0403128278700147,0.0003736903792478
54,0.0402011105278599,0.0272497357684618,0.0402011105278599,0.0003716474209345
55,0.0400871789734708,0.0271700228907296,0.0400871789734708,0.0003695697893656
56,0.0399710486374845,0.0270898017043333,0.0399710486374845,0.0003674580991195
57,0.0398527353491340,0.0270087228637779,0.0398527353491340,0.0003653129743782
58,0.0397322552035455,0.0269264135476026,0.0397322552035455,0.0003631350450983
59,0.0396096244503064,0.0268425394764488,0.0396096244503064,0.0003609249453323
60,0.0394848594150584,0.0267568486137444,0.0394848594150584,0.0003586833136314
61,0.0393579764586568,0.0266691938652310,0.0393579764586568,0.0003564107944252
62,0.0392289919720321,0.0265795356887071,0.0392289919720321,0.0003541080391868
63,0.0390979224000370,0.0264879282692586,0.0390979224000370,0.0003517757066681
64,0.0389647842846549,0.0263944945833391,0.0389647842846549,0.0003494144623608
65,0.0388295943170182,0.0262993962402126,0.0388295943170182,0.0003470249775267
66,0.0386923693884745,0.0262028035871986,0.0386923693884745,0.0003446079284212
67,0.0385531266329989,0.0261048704435703,0.0385531266329989,0.0003421639958070
68,0.0384118834560329,0.0260057162897381,0.0384118834560329,0.0003396938648632
69,0.0382686575477819,0.0259054170877353,0.0382686575477819,0.0003371982251850
70,0.0381234668816749,0.0258040044077524,0.0381234668816749,0.0003346777707534
71,0.0379763297007319,0.0257014713733064,0.0379763297007319,0.0003321331997210
72,0.0378272644958306,0.0255977832187424,0.0378272644958306,0.0003295652140781
73,0.0376762899802806,0.0254928899969479,0.0376762899802806,0.0003269745192445
74,0.0375234250647992,0.0253867391310106,0.0375234250647992,0.0003243618237293
75,0.0373686888361279,0.0252792859694565,0.0373686888361279,0.0003217278388003
76,0.0372121005413561,0.0251705011531031,0.0372121005413561,0.0003190732782655
77,0.0370536795787676,0.0250603743024363,0.0370536795787676,0.0003163988582488
78,0.0368934454948928,0.0249489141746842,0.0368934454948928,0.0003137052969312
79,0.0367314179865772,0.0248361459365813,0.0367314179865772,0.0003109933143105
80,0.0365676169063498,0.0247221065059996,0.0365676169063498,0.0003082636318951
81,0.0364020622692022,0.0246068390235285,0.0364020622692022,0.0003055169724038
82,0.0362347742590285,0.0244903874451718,0.0362347742590285,0.0003027540594871
83,0.0360657732333516,0.0243727920432497,0.0360657732333516,0.0002999756174430
84,0.0358950797254720,0.0242540863196236,0.0358950797254720,0.0002971823709799
85,0.0357227144437164,0.0241342955301594,0.0357227144437164,0.0002943750449097
86,0.0355486982679550,0.0240134367413221,0.0355486982679550,0.0002915543639306
87,0.0353730522439283,0.0238915201252093,0.0353730522439283,0.0002887210523151
88,0.0351957975761503,0.0237685510683343,0.0351957975761503,0.0002858758336904
89,0.0350169556202193,0.0236445326261059,0.0350169556202193,0.0002830194307239
90,0.0348365478753008,0.0235194678895285,0.0348365478753008,0.0002801525648722
91,0.0346545959773756,0.0233933619236683,0.0346545959773756,0.0002772759561302
92,0.0344711216936194,0.0232662230642968,0.0344711216936194,0.0002743903227515
93,0.0342861469180363,0.0231380634946980,0.0342861469180363,0.0002714963810153
94,0.0340996936682600,0.0230088991470762,0.0340996936682600,0.0002685948449463
95,0.0339117840832693,0.0228787490664187,0.0339117840832693,0.0002656864260980
96,0.0337224404216720,0.0227476344303840,0.0337224404216720,0.0002627718332556
97,0.0335316850601883,0.0226155774353095,0.0335316850601883,0.0002598517722192
98,0.0333395404919978,0.0224826002404126,0.0333395404919978,0.0002569269455651
99,0.0331460293246951,0.0223487241186534,0.0331460293246951,0.0002539980523711
100,0.0329511742777026,0.0222139689046952,0.0329511742777026,0.0002510657880104
101,0.0327549981790966,0.0220783527692566,0.0327549981790966,0.0002481308438775
102,0.0325575239618981,0.0219418922946286,0.0325575239618981,0.0002451939072151
103,0.0323587746599500,0.0218046027852287,0.0323587746599500,0.0002422556608130
104,0.0321587734035421,0.0216664987234772,0.0321587734035421,0.0002393167828524
105,0.0319575434149516,0.0215275942754438,0.0319575434149516,0.0002363779466099
106,0.0317551080040512,0.0213879037603364,0.0317551080040512,0.0002334398203053
107,0.0315514905640966,0.0212474420187509,0.0315514905640966,0.0002305030668471
108,0.0313467145677573,0.0211062246415502,0.0313467145677573,0.0002275683436177
109,0.0311408035634076,0.0209642680491375,0.0311408035634076,0.0002246363022947
110,0.0309337811716500,0.0208215894353455,0.0309337811716500,0.0002217075886232
111,0.0307256710820137,0.0206782066081370,0.0307256710820137,0.0002187828422103
112,0.0305164970497542,0.0205341377692097,0.0305164970497542,0.0002158626963593
113,0.0303062828926791,0.0203894012763809,0.0303062828926791,0.0002129477778411
114,0.0300950524879322,0.0202440154274611,0.0300950524879322,0.0002100387067289
115,0.0298828297686898,0.0200979982942102,0.0298828297686898,0.0002071360962204
116,0.0296696387207429,0.0199513676223192,0.0296696387207429,0.0002042405524354
117,0.0294555033789623,0.0198041408005316,0.0294555033789623,0.0002013526742458
118,0.0292404478236627,0.0196563348909762,0.0292404478236627,0.0001984730531202
119,0.0290244961768951,0.0195079667048947,0.0290244961768951,0.0001956022729515
120,0.0288076725987035,0.0193590529038377,0.0288076725987035,0.0001927409099011
121,0.0285900012833812,0.0192096101060449,0.0285900012833812,0.0001898895321946
122,0.0283715064557588,0.0190596549805026,0.0283715064557588,0.0001870487000549
123,0.0281522123675442,0.0189092043161185,0.0281522123675442,0.0001842189654905
124,0.0279321432937274,0.0187582750594418,0.0279321432937274,0.0001814008721502
125,0.0277113235290504,0.0186068843202972,0.0277113235290504,0.0001785949552315
126,0.0274897773845345,0.0184550493496897,0.0274897773845345,0.0001758017413047
127,0.0272675291840521,0.0183027874978058,0.0272675291840521,0.0001730217482044
128,0.0270446032609269,0.0181501161615960,0.0270446032609269,0.0001702554848892
129,0.0268210239545464,0.0179970527313644,0.0268210239545464,0.0001675034513507
130,0.0265968156069751,0.0178436145442986,0.0265968156069751,0.0001647661384590
131,0.0263720025595580,0.0176898188504414,0.0263720025595580,0.0001620440278987
132,0.0261466091495124,0.0175356827937533,0.0261466091495124,0.0001593375920235
133,0.0259206597065084,0.0173812234081604,0.0259206597065084,0.0001566472937841
134,0.0256941785492432,0.0172264576262163,0.0256941785492432,0.0001539735866174
135,0.0254671899820164,0.0170714022965011,0.0254671899820164,0.0001513169143635
136,0.0252397182913152,0.0169160742052195,0.0252397182913152,0.0001486777111843
137,0.0250117877424181,0.0167604900976124,0.0250117877424181,0.0001460564014677
138,0.0247834225760219,0.0166046666955858,0.0247834225760219,0.0001434533997745
139,0.0245546470048991,0.0164486207091636,0.0245546470048991,0.0001408691107520
140,0.0243254852105846,0.0162923688407327,0.0243254852105846,0.0001383039290751
141,0.0240959613400949,0.0161359277823299,0.0240959613400949,0.0001357582393817
142,0.0238660995026757,0.0159793142072464,0.0238660995026757,0.0001332324162242
143,0.0236359237665760,0.0158225447578762,0.0236359237665760,0.0001307268240124
144,0.0234054581558454,0.0156656360319821,0.0234054581558454,0.0001282418169515
145,0.0231747266471506,0.0155086045694230,0.0231747266471506,0.0001257777390574
146,0.0229437531666104,0.0153514668409722,0.0229437531666104,0.0001233349240512
147,0.0227125615866468,0.0151942392402543,0.0227125615866468,0.0001209136953638
148,0.0224811757228522,0.0150369380791853,0.0224811757228522,0.0001185143661021
149,0.0222496193308748,0.0148795795866970,0.0222496193308748,0.0001161372390384
150,0.0220179161033214,0.0147221799100686,0.0220179161033214,0.0001137826065782
151,0.0217860896666827,0.0145647551179093,0.0217860896666827,0.0001114507507436
152,0.0215541635782808,0.0144073212037494,0.0215541635782808,0.0001091419431869
153,0.0213221613232420,0.0142498940892886,0.0213221613232420,0.0001068564451630
154,0.0210901063114966,0.0140924896265680,0.0210901063114966,0.0001045945075530
155,0.0208580218748069,0.0139351235986286,0.0208580218748069,0.0001023563708352
156,0.0206259312638225,0.0137778117185299,0.0206259312638225,0.0001001422651463
157,0.0203938576451654,0.0136205696268776,0.0203938576451654,0.0000979524102542
158,0.0201618240985423,0.0134634128882195,0.0201618240985423,0.0000957870155823
159,0.0199298536138846,0.0133063569867840,0.0199298536138846,0.0000936462802512
160,0.0196979690885162,0.0131494173220592,0.0196979690885162,0.0000915303930894
161,0.0194661933243474,0.0129926092046571,0.0194661933243474,0.0000894395326702
162,0.0192345490250955,0.0128359478527888,0.0192345490250955,0.0000873738673494
163,0.0190030587935320,0.0126794483895349,0.0190030587935320,0.0000853335553065
164,0.0187717451287564,0.0125231258409424,0.0187717451287564,0.0000833187445708
165,0.0185406304234973,0.0123669951348568,0.0185406304234973,0.0000813295730952
166,0.0183097369614413,0.0122110711002986,0.0183097369614413,0.0000793661687915
167,0.0180790869145902,0.0120553684671523,0.0180790869145902,0.0000774286495954
168,0.0178487023406479,0.0118999018659278,0.0178487023406479,0.0000755171235120
169,0.0176186051804364,0.0117446858273896,0.0176186051804364,0.0000736316886947
170,0.0173888172553422,0.0115897347819090,0.0173888172553422,0.0000717724334926
171,0.0171593602647935,0.0114350630584647,0.0171593602647935,0.0000699394365491
172,0.0169302557837680,0.0112806848832881,0.0169302557837680,0.0000681327668461
173,0.0167015252603315,0.0111266143782130,0.0167015252603315,0.0000663524838008
174,0.0164731900132074,0.0109728655588223,0.0164731900132074,0.0000645986373424
175,0.0162452712293774,0.0108194523325108,0.0162452712293774,0.0000628712679784
176,0.0160177899617125,0.0106663884965754,0.0160177899617125,0.0000611704069204
177,0.0157907671266359,0.0105136877364288,0.0157907671266359,0.0000594960761216
178,0.0155642235018158,0.0103613636239984,0.0155642235018158,0.0000578482884353
179,0.0153381797238902,0.0102094296163411,0.0153381797238902,0.0000562270476360
180,0.0151126562862225,0.0100578990544666,0.0151126562862225,0.0000546323485865
181,0.0148876735366887,0.0099067851623385,0.0148876735366887,0.0000530641773031
182,0.0146632516754966,0.0097561010460012,0.0146632516754966,0.0000515225110688
183,0.0144394107530364,0.0096058596927783,0.0144394107530364,0.0000500073185464
184,0.0142161706677643,0.0094560739704857,0.0142161706677643,0.0000485185598710
185,0.0139935511641175,0.0093067566266180,0.0139935511641175,0.0000470561867794
186,0.0137715718304625,0.0091579202874791,0.0137715718304625,0.0000456201427442
187,0.0135502520970759,0.0090095774572482,0.0135502520970759,0.0000442103630386
188,0.0133296112341575,0.0088617405169858,0.0133296112341575,0.0000428267749025
189,0.0131096683498770,0.0087144217235967,0.0131096683498770,0.0000414692976501
190,0.0128904423884525,0.0085676332087775,0.0128904423884525,0.0000401378427930
191,0.0126719521282628,0.0084213869779740,0.0126719521282628,0.0000388323141551
192,0.0124542161799921,0.0082756949093753,0.0124542161799921,0.0000375526080331
193,0.0122372529848078,0.0081305687529638,0.0122372529848078,0.0000362986132946
194,0.0120210808125714,0.0079860201296315,0.0120210808125714,0.0000350702115295
195,0.0118057177600822,0.0078420605303667,0.0118057177600822,0.0000338672771703
196,0.0115911817493538,0.0076987013155064,0.0115911817493538,0.0000326896776357
197,0.0113774905259250,0.0075559537140441,0.0113774905259250,0.0000315372734801
198,0.0111646616572020,0.0074138288229802,0.0111646616572020,0.0000304099185051
199,0.0109527125308358,0.0072723376067012,0.0109527125308358,0.0000293074599170
200,0.0107416603531315,0.0071314908963758,0.0107416603531315,0.0000282297384688
201,0.0105315221474913,0.0069912993893583,0.0105315221474913,0.0000271765885986
202,0.0103223147528912,0.0068517736485950,0.0103223147528912,0.0000261478385751
203,0.0101140548223911,0.0067129241020315,0.0101140548223911,0.0000251433106347
204,0.0099067588216775,0.0065747610420259,0.0099067588216775,0.0000241628211443
205,0.0097004430276403,0.0064372946247709,0.0097004430276403,0.0000232061807266
206,0.0094951235269828,0.0063005348697316,0.0094951235269828,0.0000222731944441
207,0.0092908162148645,0.0061644916591055,0.0092908162148645,0.0000213636619067
208,0.0090875367935779,0.0060291747373091,0.0090875367935779,0.0000204773774215
209,0.0088853007712582,0.0058945937104979,0.0088853007712582,0.0000196141301969
210,0.0086841234606259,0.0057607580461167,0.0086841234606259,0.0000187737044295
211,0.0084840199777634,0.0056276770724840,0.0084840199777634,0.0000179558794972
212,0.0082850052409237,0.0054953599784063,0.0082850052409237,0.0000171604300802
213,0.0080870939693736,0.0053638158128199,0.0080870939693736,0.0000163871263309
214,0.0078903006822682,0.0052330534844575,0.0078903006822682,0.0000156357340279
215,0.0076946396975602,0.0051030817615348,0.0076946396975602,0.0000149060147314
216,0.0075001251309409,0.0049739092714559,0.0075001251309409,0.0000141977259032
217,0.0073067708948148,0.0048455445005333,0.0073067708948148,0.0000135106211076
218,0.0071145906973069,0.0047179957937254,0.0071145906973069,0.0000128444501179
219,0.0069235980413024,0.0045912713543874,0.0069235980413024,0.0000121989591079
220,0.0067338062235202,0.0044653792440386,0.0067338062235202,0.0000115738907671
221,0.0065452283336179,0.0043403273821479,0.0065452283336179,0.0000109689844873
222,0.0063578772533294,0.0042161235459360,0.0063578772533294,0.0000103839764905
223,0.0061717656556363,0.0040927753701998,0.0061717656556363,0.0000098185999856
224,0.0059869060039703,0.0039702903471563,0.0059869060039703,0.0000092725853304
225,0.0058033105514482,0.0038486758263082,0.0058033105514482,0.0000087456601522
226,0.0056209913401396,0.0037279390143310,0.0056209913401396,0.0000082375495343
227,0.0054399602003664,0.0036080869749809,0.0054399602003664,0.0000077479761485
228,0.0052602287500344,0.0034891266290223,0.0052602287500344,0.0000072766603847
229,0.0050818083939966,0.0033710647541762,0.0050818083939966,0.0000068233205383
230,0.0049047103234487,0.0032539079850853,0.0049047103234487,0.0000063876729179
231,0.0047289455153560,0.0031376628132970,0.0047289455153560,0.0000059694320230
232,0.0045545247319120,0.0030223355872629,0.0045545247319120,0.0000055683106498
233,0.0043814585200285,0.0029079325123541,0.0043814585200285,0.0000051840200822
234,0.0042097572108572,0.0027944596508936,0.0042097572108572,0.0000048162701997
235,0.0040394309193421,0.0026819229222025,0.0040394309193421,0.0000044647696312
236,0.0038704895438038,0.0025703281026636,0.0038704895438038,0.0000041292258970
237,0.0037029427655539,0.0024596808258008,0.0037029427655539,0.0000038093455435
238,0.0035368000485412,0.0023499865823745,0.0035368000485412,0.0000035048342784
239,0.0033720706390276,0.0022412507204931,0.0033720706390276,0.0000032153971234
240,0.0032087635652957,0.0021334784457418,0.0032087635652957,0.0000029407385292
241,0.0030468876373860,0.0020266748213272,0.0030468876373860,0.0000026805625212
242,0.0028864514468653,0.0019208447682381,0.0028864514468653,0.0000024345728312
243,0.0027274633666242,0.0018159930654218,0.0027274633666242,0.0000022024730158
244,0.0025699315507058,0.0017121243499769,0.0025699315507058,0.0000019839666108
245,0.0024138639341632,0.0016092431173605,0.0024138639341632,0.0000017787572383
246,0.0022592682329479,0.0015073537216107,0.0022592682329479,0.0000015865487318
247,0.0021151083549042,0.0014110432454493,0.0021151083549042,0.0000014070452747
248,0.0019842117612306,0.0013235412736667,0.0019842117612306,0.0000012399515144
249,0.0018597998287599,0.0012401340978405,0.0018597998287599,0.0000010849726953
250,0.0017407376463553,0.0011601723870468,0.0017407376463553,0.0000009418147410
251,0.0016268140857891,0.0010833819102510,0.0016268140857891,0.0000008101844158
252,0.0015171873217027,0.0010093577203462,0.0015171873217027,0.0000006897894272
253,0.0014117163471207,0.0009380294259113,0.0014117163471207,0.0000005803385276
254,0.0013102024928548,0.0008692913165780,0.0013102024928548,0.0000004815416322
255,0.0012101053660065,0.0008012231844316,0.0012101053660065,0.0000003931099325
256,0.0011109716813344,0.0007338265741188,0.0011109716813344,0.0000003147559944
257,0.0010128060716928,0.0006671042616249,0.0010128060716928,0.0000002461938844
258,0.0009156130344546,0.0006010589315540,0.0009156130344546,0.0000001871392446
259,0.0008193969314188,0.0005356931772027,0.0008193969314188,0.0000001373094203
260,0.0007241619887343,0.0004710095006421,0.0007241619887343,0.0000000964235473
261,0.0006299122968427,0.0004098777912105,0.0006299122968427,0.0000000642026460
262,0.0005479363369759,0.0003575261591632,0.0005479363369759,0.0000000403697157
263,0.0004750874985621,0.0003085978049634,0.0004750874985621,0.0000000246498569
264,0.0004066740022156,0.0002623784345216,0.0004066740022156,0.0000000167703160
265,0.0003897265313259,0.0002353300501038,0.0003897265313259,0.0000000164605992
266,0.0005136007475676,0.0003166835891302,0.0005136007475676,0.0000000234525715
267,0.0005134777899692,0.0003165937743352,0.0005134777899692,0.0000000234413088
268,0.0005133202221367,0.0003164815169188,0.0005133202221367,0.0000000234268875
269,0.0005131289485609,0.0003163486806808,0.0005131289485609,0.0000000234093886
270,0.0005129045377635,0.0003161966500382,0.0005129045377635,0.0000000233888663
271,0.0005126473916215,0.0003160264064268,0.0005126473916215,0.0000000233653610
272,0.0005123578168434,0.0003158385661108,0.0005123578168434,0.0000000233389099
273,0.0005120360609410,0.0003156334230509,0.0005120360609410,0.0000000233095310
274,0.0005116823324560,0.0003154110048967,0.0005116823324560,0.0000000232772627
275,0.0005112968132431,0.0003151711393973,0.0005112968132431,0.0000000232421156
276,0.0005108796663672,0.0003149135249306,0.0005108796663672,0.0000000232041190
277,0.0005104310414163,0.0003146377982467,0.0005104310414163,0.0000000231632857
278,0.0005099510782123,0.0003143435934722,0.0005099510782123,0.0000000231196352
279,0.0005094399094876,0.0003140305881666,0.0005094399094876,0.0000000230732006
280,0.0005088976628760,0.0003136985342907,0.0005088976628760,0.0000000230239898
281,0.0005083244624312,0.0003133472739538,0.0005083244624312,0.0000000229720287
282,0.0005077204298139,0.0003129767415028,0.0005077204298139,0.0000000229173356
283,0.0005070856852382,0.0003125869547319,0.0005070856852382,0.0000000228599334
284,0.0005064203482371,0.0003121779986582,0.0005064203482371,0.0000000227998347
285,0.0005057245382877,0.0003117500054531,0.0005057245382877,0.0000000227370764
286,0.0005049983753255,0.0003113031338023,0.0005049983753255,0.0000000226716695
287,0.0005042419801682,0.0003108375503285,0.0005042419801682,0.0000000226036370
288,0.0005034554748624,0.0003103534148861,0.0005034554748624,0.0000000225330042
289,0.0005026389829691,0.0003098508706569,0.0005026389829691,0.0000000224597994
290,0.0005017926297949,0.0003093300391703,0.0005017926297949,0.0000000223840417
291,0.0005009165425811,0.0003087910197199,0.0005009165425811,0.0000000223057560
292,0.0005000108506559,0.0003082338922046,0.0005000108506559,0.0000000222249684
293,0.0004990756855597,0.0003076587221953,0.0004990756855597,0.0000000221417037
294,0.0004981111811466,0.0003070655670119,0.0004981111811466,0.0000000220559943
295,0.0004971174736700,0.0003064544817331,0.0004971174736700,0.0000000219678626
296,0.0004960947018536,0.0003058255243233,0.0004960947018536,0.0000000218773313
297,0.0004950430069532,0.0003051787593601,0.0004950430069532,0.0000000217844392
298,0.0004939625328095,0.0003045142601621,0.0004939625328095,0.0000000216892167
299,0.0004928534258944,0.0003038321093819,0.0004928534258944,0.0000000215916804
300,0.0004917158353514,0.0003031323983309,0.0004917158353514,0.0000000214918709
301,0.0004905499130302,0.0003024152254233,0.0004905499130302,0.0000000213898082
302,0.0004893558135155,0.0003016806941646,0.0004893558135155,0.0000000212855421
303,0.0004881336941515,0.0003009289110820,0.0004881336941515,0.0000000211790827
304,0.0004868837150600,0.0003001599839137,0.0004868837150600,0.0000000210704733
305,0.0004856060391540,0.0002993740202695,0.0004856060391540,0.0000000209597482
306,0.0004843008321469,0.0002985711268569,0.0004843008321469,0.0000000208469386
307,0.0004829682625564,0.0002977514092666,0.0004829682625564,0.0000000207320769
308,0.0004816085017056,0.0002969149722289,0.0004816085017056,0.0000000206151937
309,0.0004802217237200,0.0002960619202009,0.0004802217237200,0.0000000204963348
310,0.0004788081055225,0.0002951923581279,0.0004788081055225,0.0000000203755243
311,0.0004773678268247,0.0002943063922266,0.0004773678268247,0.0000000202528009
312,0.0004759010701182,0.0002934041306678,0.0004759010701182,0.0000000201282004
313,0.0004744080206621,0.0002924856840757,0.0004744080206621,0.0000000200017687
314,0.0004728888664713,0.0002915511658067,0.0004728888664713,0.0000000198735271
315,0.0004713437983016,0.0002906006920100,0.0004713437983016,0.0000000197435263
316,0.0004697730096346,0.0002896343815025,0.0004697730096346,0.0000000196117926
317,0.0004681766966613,0.0002886523555172,0.0004681766966613,0.0000000194783763
318,0.0004665550582644,0.0002876547373833,0.0004665550582644,0.0000000193433042
319,0.0004649082959991,0.0002866416522017,0.0004649082959991,0.0000000192066228
320,0.0004632366140731,0.0002856132265630,0.0004632366140731,0.0000000190683641
321,0.0004615402193252,0.0002845695883396,0.0004615402193252,0.0000000189285681
322,0.0004598193212028,0.0002835108665675,0.0004598193212028,0.0000000187872828
323,0.0004580741317383,0.0002824371914151,0.0004580741317383,0.0000000186445462
324,0.0004563048655243,0.0002813486942244,0.0004563048655243,0.0000000185003921
325,0.0004545117396884,0.0002802455076015,0.0004545117396884,0.0000000183548648
326,0.0004526949738662,0.0002791277655299,0.0004526949738662,0.0000000182080000
327,0.0004508547901743,0.0002779956034830,0.0004508547901743,0.0000000180598443
328,0.0004489914131830,0.0002768491585161,0.0004489914131830,0.0000000179104370
329,0.0004471050698867,0.0002756885693245,0.0004471050698867,0.0000000177598251
330,0.0004451959896755,0.0002745139762644,0.0004451959896755,0.0000000176080348
331,0.0004432644043053,0.0002733255213339,0.0004432644043053,0.0000000174551236
332,0.0004413105478673,0.0002721233481285,0.0004413105478673,0.0000000173011213
333,0.0004393346567575,0.0002709076017736,0.0004393346567575,0.0000000171460824
334,0.0004373369696449,0.0002696784288494,0.0004373369696449,0.0000000169900382
335,0.0004353177274398,0.0002684359773170,0.0004353177274398,0.0000000168330333
336,0.0004332771732610,0.0002671803964545,0.0004332771732610,0.0000000166751104
337,0.0004312155524034,0.0002659118368071,0.0004312155524034,0.0000000165163179
338,0.0004291331123037,0.0002646304501532,0.0004291331123037,0.0000000163566900
339,0.0004270301025071,0.0002633363894863,0.0004270301025071,0.0000000161962589
340,0.0004249067746324,0.0002620298090078,0.0004249067746324,0.0000000160350905
341,0.0004227633823372,0.0002607108641282,0.0004227633823372,0.0000000158732174
342,0.0004206001812825,0.0002593797114699,0.0004206001812825,0.0000000157106725
343,0.0004184174290972,0.0002580365088690,0.0004184174290972,0.0000000155475055
344,0.0004162153853416,0.0002566814153711,0.0004162153853416,0.0000000153837644
345,0.0004139943114714,0.0002553145912210,0.0004139943114714,0.0000000152194775
346,0.0004117544708005,0.0002539361978445,0.0004117544708005,0.0000000150547017
347,0.0004094961284641,0.0002525463978234,0.0004094961284641,0.0000000148894682
348,0.0004072195513809,0.0002511453548659,0.0004072195513809,0.0000000147238211
349,0.0004049250082155,0.0002497332337726,0.0004049250082155,0.0000000145578014
350,0.0004026127693406,0.0002483102004029,0.0004026127693406,0.0000000143914539
351,0.0004002831067981,0.0002468764216411,0.0004002831067981,0.0000000142248223
352,0.0003979362942604,0.0002454320653656,0.0003979362942604,0.0000000140579390
353,0.0003955726069921,0.0002439773004204,0.0003955726069921,0.0000000138908476
354,0.0003931923218098,0.0002425122965899,0.0003931923218098,0.0000000137235975
355,0.0003907957170432,0.0002410372245762,0.0003907957170432,0.0000000135562162
356,0.0003883830724951,0.0002395522559788,0.0003883830724951,0.0000000133887509
357,0.0003859546694016,0.0002380575632747,0.0003859546694016,0.0000000132212461
358,0.0003835107903916,0.0002365533197992,0.0003835107903916,0.0000000130537323
359,0.0003810517194467,0.0002350396997247,0.0003810517194467,0.0000000128862517
360,0.0003785777418600,0.0002335168780399,0.0003785777418600,0.0000000127188506
361,0.0003760891441960,0.0002319850305258,0.0003760891441960,0.0000000125515603
362,0.0003735862142488,0.0002304443337317,0.0003735862142488,0.0000000123844270
363,0.0003710692410013,0.0002288949649481,0.0003710692410013,0.0000000122174765
364,0.0003685385145839,0.0002273371021803,0.0003685385145839,0.0000000120507614
365,0.0003659943262327,0.0002257709241209,0.0003659943262327,0.0000000118843073
366,0.0003634369682478,0.0002241966101217,0.0003634369682478,0.0000000117181565
367,0.0003608667339518,0.0002226143401663,0.0003608667339518,0.0000000115523462
368,0.0003582839176472,0.0002210242948432,0.0003582839176472,0.0000000113869158
369,0.0003556888145750,0.0002194266553199,0.0003556888145750,0.0000000112218958
370,0.0003530817208717,0.0002178216033164,0.0003530817208717,0.0000000110573208
371,0.0003504629335278,0.0002162093210803,0.0003504629335278,0.0000000108932326
372,0.0003478327503444,0.0002145899913614,0.0003478327503444,0.0000000107296628
373,0.0003451914698916,0.0002129637973873,0.0003451914698916,0.0000000105666473
374,0.0003425393914650,0.0002113309228377,0.0003425393914650,0.0000000104042187
375,0.0003398768150437,0.0002096915518196,0.0003398768150437,0.0000000102424113
376,0.0003372040412473,0.0002080458688415,0.0003372040412473,0.0000000100812573
377,0.0003345213712925,0.0002063940587875,0.0003345213712925,0.0000000099207858
378,0.0003318291069510,0.0002047363068905,0.0003318291069510,0.0000000097610333
379,0.0003291275505061,0.0002030727987062,0.0003291275505061,0.0000000096020338
380,0.0003264170047098,0.0002014037200864,0.0003264170047098,0.0000000094438182
381,0.0003236977727398,0.0001997292571517,0.0003236977727398,0.0000000092864089
382,0.0003209701581566,0.0001980495962650,0.0003209701581566,0.0000000091298423
383,0.0003182344648602,0.0001963649240049,0.0003182344648602,0.0000000089741483
384,0.0003154909970472,0.0001946754271394,0.0003154909970472,0.0000000088193552
385,0.0003127400591677,0.0001929812925986,0.0003127400591677,0.0000000086654925
386,0.0003099819558822,0.0001912827074491,0.0003099819558822,0.0000000085125767
387,0.0003072169920184,0.0001895798588679,0.0003072169920184,0.0000000083606511
388,0.0003044454725287,0.0001878729341159,0.0003044454725287,0.0000000082097369
389,0.0003016677024465,0.0001861621205118,0.0003016677024465,0.0000000080598601
390,0.0002988839868440,0.0001844476054065,0.0002988839868440,0.0000000079110387
391,0.0002960946307887,0.0001827295761569,0.0002960946307887,0.0000000077633082
392,0.0002932999393007,0.0001810082200992,0.0002932999393007,0.0000000076166935
393,0.0002905002173101,0.0001792837245227,0.0002905002173101,0.0000000074712081
394,0.0002876957696141,0.0001775562766443,0.0002876957696141,0.0000000073268850
395,0.0002848869008345,0.0001758260635819,0.0002848869008345,0.0000000071837410
396,0.0002820739153748,0.0001740932723279,0.0002820739153748,0.0000000070418024
397,0.0002792571173782,0.0001723580897241,0.0002792571173782,0.0000000069010844
398,0.0002764368106848,0.0001706207024344,0.0002764368106848,0.0000000067616169
399,0.0002736132987896,0.0001688812969194,0.0002736132987896,0.0000000066234109
400,0.0002707868848001,0.0001671400594109,0.0002707868848001,0.0000000064864887
401,0.0002679578713946,0.0001653971758850,0.0002679578713946,0.0000000063508699
402,0.0002651265607799,0.0001636528320379,0.0002651265607799,0.0000000062165821
403,0.0002622932546497,0.0001619072132593,0.0002622932546497,0.0000000060836222
404,0.0002594582541428,0.0001601605046073,0.0002594582541428,0.0000000059520227
405,0.0002566218598018,0.0001584128907829,0.0002566218598018,0.0000000058217976
406,0.0002537843715317,0.0001566645561047,0.0002537843715317,0.0000000056929593
407,0.0002509460885584,0.0001549156844837,0.0002509460885584,0.0000000055655300
408,0.0002481073093881,0.0001531664593981,0.0002481073093881,0.0000000054395139
409,0.0002452683317661,0.0001514170638680,0.0002452683317661,0.0000000053149304
410,0.0002424294526367,0.0001496676804311,0.0002424294526367,0.0000000051917920
411,0.0002395909681017,0.0001479184911169,0.0002395909681017,0.0000000050701055
412,0.0002367531733812,0.0001461696774231,0.0002367531733812,0.0000000049498990
413,0.0002339163627729,0.0001444214202897,0.0002339163627729,0.0000000048311673
414,0.0002310808296122,0.0001426739000755,0.0002310808296122,0.0000000047139307
415,0.0002282468662324,0.0001409272965332,0.0002282468662324,0.0000000045981892
416,0.0002254147639260,0.0001391817887858,0.0002254147639260,0.0000000044839623
417,0.0002225848129045,0.0001374375553016,0.0002225848129045,0.0000000043712560
418,0.0002197573022602,0.0001356947738709,0.0002197573022602,0.0000000042600752
419,0.0002169325199266,0.0001339536215820,0.0002169325199266,0.0000000041504257
420,0.0002141107526408,0.0001322142747976,0.0002141107526408,0.0000000040423183
421,0.0002112922859044,0.0001304769091313,0.0002112922859044,0.0000000039357656
422,0.0002084774039461,0.0001287416994241,0.0002084774039461,0.0000000038307614
423,0.0002056663896836,0.0001270088197215,0.0002056663896836,0.0000000037273155
424,0.0002028595246863,0.0001252784432503,0.0002028595246863,0.0000000036254401
425,0.0002000570891380,0.0001235507423957,0.0002000570891380,0.0000000035251169
426,0.0001972593617999,0.0001218258886788,0.0001972593617999,0.0000000034263780
427,0.0001944666199741,0.0001201040527339,0.0001944666199741,0.0000000033292065
428,0.0001916791394673,0.0001183854042863,0.0001916791394673,0.0000000032336095
429,0.0001888971945542,0.0001166701121294,0.0001888971945542,0.0000000031395872
430,0.0001861210579425,0.0001149583441037,0.0001861210579425,0.0000000030471373
431,0.0001833510007372,0.0001132502670746,0.0001833510007372,0.0000000029562755
432,0.0001805872924054,0.0001115460469108,0.0001805872924054,0.0000000028669801
433,0.0001778302007412,0.0001098458484627,0.0001778302007412,0.0000000027792601
434,0.0001750799918317,0.0001081498355418,0.0001750799918317,0.0000000026931211
435,0.0001723369300225,0.0001064581708986,0.0001723369300225,0.0000000026085449
436,0.0001696012778842,0.0001047710162028,0.0001696012778842,0.0000000025255489
437,0.0001668732961786,0.0001030885320225,0.0001668732961786,0.0000000024441111
438,0.0001641532438257,0.0001014108778032,0.0001641532438257,0.0000000023642424
439,0.0001614413778711,0.0000997382118482,0.0001614413778711,0.0000000022859299
440,0.0001587379534532,0.0000980706912987,0.0001587379534532,0.0000000022091715
441,0.0001560432237714,0.0000964084721135,0.0001560432237714,0.0000000021339608
442,0.0001533574400540,0.0000947517090500,0.0001533574400540,0.0000000020602895
443,0.0001506808515274,0.0000931005556445,0.0001506808515274,0.0000000019881638
444,0.0001480137053852,0.0000914551641931,0.0001480137053852,0.0000000019175661
445,0.0001453562467567,0.0000898156857333,0.0001453562467567,0.0000000018484893
446,0.0001427087186778,0.0000881822700251,0.0001427087186778,0.0000000017809288
447,0.0001400713620604,0.0000865550655326,0.0001400713620604,0.0000000017148744
448,0.0001374444156637,0.0000849342194057,0.0001374444156637,0.0000000016503222
449,0.0001348281160642,0.0000833198774624,0.0001348281160642,0.0000000015872597
450,0.0001322226976281,0.0000817121841716,0.0001322226976281,0.0000000015256773
451,0.0001296283924824,0.0000801112826348,0.0001296283924824,0.0000000014655671
452,0.0001270454304875,0.0000785173145692,0.0001270454304875,0.0000000014069110
453,0.0001244740392093,0.0000769304202913,0.0001244740392093,0.0000000013497124
454,0.0001219144438929,0.0000753507386997,0.0001219144438929,0.0000000012939462
455,0.0001193668674355,0.0000737784072592,0.0001193668674355,0.0000000012396166
456,0.0001168315303604,0.0000722135619842,0.0001168315303604,0.0000000011866973
457,0.0001143086507916,0.0000706563374228,0.0001143086507916,0.0000000011351815
458,0.0001117984444278,0.0000691068666411,0.0001117984444278,0.0000000010850570
459,0.0001093011245187,0.0000675652812087,0.0001093011245187,0.0000000010363066
460,0.0001068169018394,0.0000660317111825,0.0001068169018394,0.0000000009889261
461,0.0001043459846673,0.0000645062850931,0.0001043459846673,0.0000000009428949
462,0.0001018885787579,0.0000629891299288,0.0001018885787579,0.0000000008982033
463,0.0000994448873223,0.0000614803711222,0.0000994448873223,0.0000000008548357
464,0.0000970151110045,0.0000599801325366,0.0000970151110045,0.0000000008127728
465,0.0000945994478590,0.0000584885364512,0.0000945994478590,0.0000000007720020
466,0.0000921980933293,0.0000570057035483,0.0000921980933293,0.0000000007325154
467,0.0000898112402265,0.0000555317529004,0.0000898112402265,0.0000000006942892
468,0.0000874390787087,0.0000540668019567,0.0000874390787087,0.0000000006573109
469,0.0000850817962605,0.0000526109665313,0.0000850817962605,0.0000000006215711
470,0.0000827395776733,0.0000511643607899,0.0000827395776733,0.0000000005870375
471,0.0000804126050260,0.0000497270972384,0.0000804126050260,0.0000000005537064
472,0.0000781010576657,0.0000482992867109,0.0000781010576657,0.0000000005215602
473,0.0000758051121896,0.0000468810383587,0.0000758051121896,0.0000000004905780
474,0.0000735249424272,0.0000454724596388,0.0000735249424272,0.0000000004607450
475,0.0000712607194225,0.0000440736563029,0.0000712607194225,0.0000000004320443
476,0.0000690126114170,0.0000426847323873,0.0000690126114170,0.0000000004044649
477,0.0000667807838337,0.0000413057902024,0.0000667807838337,0.0000000003779765
478,0.0000645653992604,0.0000399369303225,0.0000645653992604,0.0000000003525740
479,0.0000623666174346,0.0000385782515765,0.0000623666174346,0.0000000003282225
480,0.0000601845952285,0.0000372298510388,0.0000601845952285,0.0000000003049200
481,0.0000580194866340,0.0000358918240191,0.0000580194866340,0.0000000002826447
482,0.0000558714427493,0.0000345642640549,0.0000558714427493,0.0000000002613795
483,0.0000537406117648,0.0000332472629024,0.0000537406117648,0.0000000002411016
484,0.0000516271389500,0.0000319409105283,0.0000516271389500,0.0000000002217943
485,0.0000495311666414,0.0000306452951024,0.0000495311666414,0.0000000002034412
486,0.0000474528342302,0.0000293605029894,0.0000474528342302,0.0000000001860234
487,0.0000453922781504,0.0000280866187420,0.0000453922781504,0.0000000001695158
488,0.0000433496318684,0.0000268237250939,0.0000433496318684,0.0000000001539144
489,0.0000413250258716,0.0000255719029537,0.0000413250258716,0.0000000001391822
490,0.0000393185876590,0.0000243312313975,0.0000393185876590,0.0000000001253154
491,0.0000373304417312,0.0000231017876637,0.0000373304417312,0.0000000001122878
492,0.0000353607095816,0.0000218836471470,0.0000353607095816,0.0000000001000807
493,0.0000334095096877,0.0000206768833930,0.0000334095096877,0.0000000000886783
494,0.0000314769575032,0.0000194815680933,0.0000314769575032,0.0000000000780618
495,0.0000295631654500,0.0000182977710804,0.0000295631654500,0.0000000000682125
496,0.0000276682429117,0.0000171255603232,0.0000276682429117,0.0000000000591043
497,0.0000257922962267,0.0000159650019234,0.0000257922962267,0.0000000000507322
498,0.0000239354286822,0.0000148161601111,0.0000239354286822,0.0000000000430635
499,0.0000220977405086,0.0000136790972414,0.0000220977405086,0.0000000000360807
500,0.0000202793288746,0.0000125538737912,0.0000202793288746,0.0000000000297796
501,0.0000184802878825,0.0000114405483563,0.0000184802878825,0.0000000000241293
502,0.0000167007085644,0.0000103391776483,0.0000167007085644,0.0000000000191175
503,0.0000149406788784,0.0000092498164929,0.0000149406788784,0.0000000000147150
504,0.0000132002837058,0.0000081725178280,0.0000132002837058,0.0000000000109164
505,0.0000114796048484,0.0000071073327009,0.0000114796048484,0.0000000000076972
506,0.0000097794660531,0.0000060548222595,0.0000097794660531,0.0000000000050468
507,0.0000080997091714,0.0000050148885507,0.0000080997091714,0.0000000000029397
508,0.0000064401785618,0.0000039874351001,0.0000064401785618,0.0000000000013634
509,0.0000048007210179,0.0000029723669003,0.0000048007210179,0.0000000000002949
510,0.0000031810795408,0.0000019695666730,0.0000031810795408,0.0000000000002759
511,0.0000015809345597,0.0000009788374649,0.0000015809345597,0.0000000000003715
512,0.0000000000636510,0.0000000000405795,0.0000000000636510,0.0000000000000026
513,0.0000000000610664,0.0000000000389484,0.0000000000610664,0.0000000000000032
514,0.0000000000577537,0.0000000000368576,0.0000000000577537,0.0000000000000026
515,0.0000000000537314,0.0000000000343189,0.0000000000537314,0.0000000000000033
516,0.0000000000490108,0.0000000000313396,0.0000000000490108,0.0000000000000053
517,0.0000000000435997,0.0000000000279245,0.0000000000435997,0.0000000000000017
518,0.0000000000383654,0.0000000000246209,0.0000000000383654,0.0000000000000022
519,0.0000000000336173,0.0000000000216243,0.0000000000336173,0.0000000000000029
520,0.0000000000294401,0.0000000000189880,0.0000000000294401,0.0000000000000048
521,0.0000000000255677,0.0000000000165441,0.0000000000255677,0.0000000000000009
522,0.0000000000220961,0.0000000000143530,0.0000000000220961,0.0000000000000027
523,0.0000000000191530,0.0000000000124955,0.0000000000191530,0.0000000000000072
524,0.0000000000167047,0.0000000000109502,0.0000000000167047,0.0000000000000013
525,0.0000000000147138,0.0000000000096935,0.0000000000147138,0.0000000000000033
526,0.0000000000130748,0.0000000000086590,0.0000000000130748,0.0000000000000019
527,0.0000000000117085,0.0000000000077964,0.0000000000117085,0.0000000000000030
528,0.0000000000105569,0.0000000000070693,0.0000000000105569,0.0000000000000019
529,0.0000000000095780,0.0000000000064512,0.0000000000095780,0.0000000000000027
530,0.0000000000087391,0.0000000000059214,0.0000000000087391,0.0000000000000046
531,0.0000000000080144,0.0000000000054637,0.0000000000080144,0.0000000000000026
532,0.0000000000073842,0.0000000000050656,0.0000000000073842,0.0000000000000040
533,0.0000000000068324,0.0000000000047172,0.0000000000068324,0.0000000000000036
534,0.0000000000063467,0.0000000000044105,0.0000000000063467,0.0000000000000029
535,0.0000000000059167,0.0000000000041390,0.0000000000059167,0.0000000000000017
536,0.0000000000055343,0.0000000000038975,0.0000000000055343,0.0000000000000046
537,0.0000000000051926,0.0000000000036818,0.0000000000051926,0.0000000000000009
538,0.0000000000048862,0.0000000000034882,0.0000000000048862,0.0000000000000003
539,0.0000000000046101,0.0000000000033139,0.0000000000046101,0.0000000000000001
540,0.0000000000043607,0.0000000000031563,0.0000000000043607,0.0000000000000026
541,0.0000000000041345,0.0000000000030135,0.0000000000041345,0.0000000000000007
542,0.0000000000039286,0.0000000000028834,0.0000000000039286,0.0000000000000016
543,0.0000000000037407,0.0000000000027649,0.0000000000037407,0.0000000000000019
544,0.0000000000035688,0.0000000000026564,0.0000000000035688,0.0000000000000001
545,0.0000000000034112,0.0000000000025568,0.0000000000034112,0.0000000000000012
546,0.0000000000032662,0.0000000000024653,0.0000000000032662,0.0000000000000022
547,0.0000000000031325,0.0000000000023809,0.0000000000031325,0.0000000000000026
548,0.0000000000030091,0.0000000000023030,0.0000000000030091,0.0000000000000029
549,0.0000000000028948,0.0000000000022309,0.0000000000028948,0.0000000000000046
550,0.0000000000027887,0.0000000000021641,0.0000000000027887,0.0000000000000045
551,0.0000000000026901,0.0000000000021020,0.0000000000026901,0.0000000000000030
552,0.0000000000025984,0.0000000000020441,0.0000000000025984,0.0000000000000023
553,0.0000000000025128,0.0000000000019902,0.0000000000025128,0.0000000000000013
554,0.0000000000024329,0.0000000000019399,0.0000000000024329,0.0000000000000013
555,0.0000000000023582,0.0000000000018927,0.0000000000023582,0.0000000000000029
556,0.0000000000022883,0.0000000000018486,0.0000000000022883,0.0000000000000014
557,0.0000000000022226,0.0000000000018072,0.0000000000022226,0.0000000000000007
558,0.0000000000021609,0.0000000000017683,0.0000000000021609,0.0000000000000007
559,0.0000000000021029,0.0000000000017316,0.0000000000021029,0.0000000000000012
560,0.0000000000020482,0.0000000000016971,0.0000000000020482,0.0000000000000022
561,0.0000000000019968,0.0000000000016646,0.0000000000019968,0.0000000000000010
562,0.0000000000019482,0.0000000000016339,0.0000000000019482,0.0000000000000024
563,0.0000000000019024,0.0000000000016049,0.0000000000019024,0.0000000000000062
564,0.0000000000018590,0.0000000000015774,0.0000000000018590,0.0000000000000049
565,0.0000000000018179,0.0000000000015514,0.0000000000018179,0.0000000000000043
566,0.0000000000017790,0.0000000000015268,0.0000000000017790,0.0000000000000033
567,0.0000000000017421,0.0000000000015034,0.0000000000017421,0.0000000000000020
568,0.0000000000017070,0.0000000000014812,0.0000000000017070,0.0000000000000029
569,0.0000000000016736,0.0000000000014601,0.0000000000016736,0.0000000000000030
570,0.0000000000016418,0.0000000000014400,0.0000000000016418,0.0000000000000026
571,0.0000000000016115,0.0000000000014209,0.0000000000016115,0.0000000000000036
572,0.0000000000015826,0.0000000000014027,0.0000000000015826,0.0000000000000040
573,0.0000000000015551,0.0000000000013853,0.0000000000015551,0.0000000000000049
574,0.0000000000015289,0.0000000000013687,0.0000000000015289,0.0000000000000052
575,0.0000000000015038,0.0000000000013529,0.0000000000015038,0.0000000000000040
576,0.0000000000014798,0.0000000000013378,0.0000000000014798,0.0000000000000043
577,0.0000000000014568,0.0000000000013233,0.0000000000014568,0.0000000000000053
578,0.0000000000014348,0.0000000000013095,0.0000000000014348,0.0000000000000045
579,0.0000000000014138,0.0000000000012962,0.0000000000014138,0.0000000000000035
580,0.0000000000013936,0.0000000000012834,0.0000000000013936,0.0000000000000022
581,0.0000000000013743,0.0000000000012713,0.0000000000013743,0.0000000000000016
582,0.0000000000013557,0.0000000000012597,0.0000000000013557,0.0000000000000016
583,0.0000000000013380,0.0000000000012485,0.0000000000013380,0.0000000000000009
584,0.0000000000013209,0.0000000000012377,0.0000000000013209,0.0000000000000010
585,0.0000000000013045,0.0000000000012274,0.0000000000013045,0.0000000000000003
586,0.0000000000012887,0.0000000000012175,0.0000000000012887,0.0000000000000004
587,0.0000000000012736,0.0000000000012080,0.0000000000012736,0.0000000000000003
588,0.0000000000012590,0.0000000000011990,0.0000000000012590,0.0000000000000014
589,0.0000000000012449,0.0000000000011902,0.0000000000012449,0.0000000000000020
590,0.0000000000012315,0.0000000000011817,0.0000000000012315,0.0000000000000023
591,0.0000000000012184,0.0000000000011735,0.0000000000012184,0.0000000000000026
592,0.0000000000012059,0.0000000000011656,0.0000000000012059,0.0000000000000012
593,0.0000000000011938,0.0000000000011579,0.0000000000011938,0.0000000000000013
594,0.0000000000011821,0.0000000000011506,0.0000000000011821,0.0000000000000014
595,0.0000000000011709,0.0000000000011435,0.0000000000011709,0.0000000000000007
596,0.0000000000011600,0.0000000000011367,0.0000000000011600,0.0000000000000013
597,0.0000000000011495,0.0000000000011302,0.0000000000011495,0.0000000000000016
598,0.0000000000011393,0.0000000000011240,0.0000000000011393,0.0000000000000013
599,0.0000000000011295,0.0000000000011179,0.0000000000011295,0.0000000000000012
600,0.0000000000011200,0.0000000000011120,0.0000000000011200,0.0000000000000009
601,0.0000000000011108,0.0000000000011062,0.0000000000011108,0.0000000000000004
602,0.0000000000011020,0.0000000000011005,0.0000000000011020,0.0000000000000004
603,0.0000000000010950,0.0000000000010950,0.0000000000010934,0.0000000000000006
604,0.0000000000010896,0.0000000000010896,0.0000000000010850,0.0000000000000006
605,0.0000000000010844,0.0000000000010844,0.0000000000010769,0.0000000000000006
606,0.0000000000010793,0.0000000000010793,0.0000000000010689,0.0000000000000004
607,0.0000000000010743,0.0000000000010743,0.0000000000010612,0.0000000000000004
608,0.0000000000010695,0.0000000000010695,0.0000000000010538,0.0000000000000003
609,0.0000000000010649,0.0000000000010649,0.0000000000010465,0.0000000000000000
610,0.0000000000010603,0.0000000000010603,0.0000000000010395,0.0000000000000001
611,0.0000000000010559,0.0000000000010559,0.0000000000010327,0.0000000000000010
612,0.0000000000010517,0.0000000000010517,0.0000000000010262,0.0000000000000010
613,0.0000000000010476,0.0000000000010476,0.0000000000010199,0.0000000000000007
614,0.0000000000010436,0.0000000000010436,0.0000000000010139,0.0000000000000010
615,0.0000000000010398,0.0000000000010398,0.0000000000010080,0.0000000000000000
616,0.0000000000010361,0.0000000000010361,0.0000000000010022,0.0000000000000009
617,0.0000000000010326,0.0000000000010326,0.0000000000009966,0.0000000000000012
618,0.0000000000010292,0.0000000000010292,0.0000000000009910,0.0000000000000012
619,0.0000000000010260,0.0000000000010260,0.0000000000009856,0.0000000000000010
620,0.0000000000010228,0.0000000000010228,0.0000000000009803,0.0000000000000004
621,0.0000000000010200,0.0000000000010200,0.0000000000009751,0.0000000000000003
622,0.0000000000010173,0.0000000000010173,0.0000000000009700,0.0000000000000006
623,0.0000000000010146,0.0000000000010146,0.0000000000009650,0.0000000000000001
624,0.0000000000010119,0.0000000000010119,0.0000000000009601,0.0000000000000000
625,0.0000000000010092,0.0000000000010092,0.0000000000009554,0.0000000000000000
626,0.0000000000010065,0.0000000000010065,0.0000000000009507,0.0000000000000000
627,0.0000000000010038,0.0000000000010038,0.0000000000009462,0.0000000000000003
628,0.0000000000010011,0.0000000000010011,0.0000000000009418,0.0000000000000009
629,0.0000000000009985,0.0000000000009985,0.0000000000009375,0.0000000000000014
630,0.0000000000009958,0.0000000000009958,0.0000000000009333,0.0000000000000012
631,0.0000000000009931,0.0000000000009931,0.0000000000009292,0.0000000000000004
632,0.0000000000009904,0.0000000000009904,0.0000000000009252,0.0000000000000006
633,0.0000000000009877,0.0000000000009877,0.0000000000009214,0.0000000000000003
634,0.0000000000009850,0.0000000000009850,0.0000000000009177,0.0000000000000006
635,0.0000000000009823,0.0000000000009823,0.0000000000009140,0.0000000000000009
636,0.0000000000009796,0.0000000000009796,0.0000000000009105,0.0000000000000010
637,0.0000000000009769,0.0000000000009769,0.0000000000009071,0.0000000000000017
638,0.0000000000009743,0.0000000000009743,0.0000000000009039,0.0000000000000026
639,0.0000000000009716,0.0000000000009716,0.0000000000009007,0.0000000000000029
640,0.0000000000009689,0.0000000000009689,0.0000000000008976,0.0000000000000027
641,0.0000000000009662,0.0000000000009662,0.0000000000008948,0.0000000000000020
642,0.0000000000009635,0.0000000000009635,0.0000000000008923,0.0000000000000023
643,0.0000000000009608,0.0000000000009608,0.0000000000008899,0.0000000000000024
644,0.0000000000009581,0.0000000000009581,0.0000000000008874,0.0000000000000026
645,0.0000000000009554,0.0000000000009554,0.0000000000008849,0.0000000000000022
646,0.0000000000009528,0.0000000000009528,0.0000000000008824,0.0000000000000024
647,0.0000000000009501,0.0000000000009501,0.0000000000008799,0.0000000000000023
648,0.0000000000009474,0.0000000000009474,0.0000000000008774,0.0000000000000024
649,0.0000000000009447,0.0000000000009447,0.0000000000008749,0.0000000000000020
650,0.0000000000009420,0.0000000000009420,0.0000000000008724,0.0000000000000014
651,0.0000000000009393,0.0000000000009393,0.0000000000008699,0.0000000000000017
652,0.0000000000009366,0.0000000000009366,0.0000000000008674,0.0000000000000023
653,0.0000000000009339,0.0000000000009339,0.0000000000008649,0.0000000000000026
654,0.0000000000009312,0.0000000000009312,0.0000000000008624,0.0000000000000027
655,0.0000000000009286,0.0000000000009286,0.0000000000008599,0.0000000000000019
656,0.0000000000009259,0.0000000000009259,0.0000000000008574,0.0000000000000017
657,0.0000000000009232,0.0000000000009232,0.0000000000008550,0.0000000000000017
658,0.0000000000009205,0.0000000000009205,0.0000000000008525,0.0000000000000020
659,0.0000000000009178,0.0000000000009178,0.0000000000008500,0.0000000000000020
660,0.0000000000009151,0.0000000000009151,0.0000000000008475,0.0000000000000026
661,0.0000000000009124,0.0000000000009124,0.0000000000008450,0.0000000000000030
662,0.0000000000009097,0.0000000000009097,0.0000000000008425,0.0000000000000026
663,0.0000000000009070,0.0000000000009070,0.0000000000008400,0.0000000000000027
664,0.0000000000009044,0.0000000000009044,0.0000000000008375,0.0000000000000029
665,0.0000000000009017,0.0000000000009017,0.0000000000008350,0.0000000000000030
666,0.0000000000008990,0.0000000000008990,0.0000000000008325,0.0000000000000036
667,0.0000000000008963,0.0000000000008963,0.0000000000008300,0.0000000000000037
668,0.0000000000008936,0.0000000000008936,0.0000000000008275,0.0000000000000043
669,0.0000000000008909,0.0000000000008909,0.0000000000008250,0.0000000000000045
670,0.0000000000008882,0.0000000000008882,0.0000000000008226,0.0000000000000042
671,0.0000000000008855,0.0000000000008855,0.0000000000008201,0.0000000000000042
672,0.0000000000008828,0.0000000000008828,0.0000000000008176,0.0000000000000036
673,0.0000000000008802,0.0000000000008802,0.0000000000008151,0.0000000000000036
674,0.0000000000008775,0.0000000000008775,0.0000000000008126,0.0000000000000026
675,0.0000000000008748,0.0000000000008748,0.0000000000008101,0.0000000000000022
676,0.0000000000008721,0.0000000000008721,0.0000000000008076,0.0000000000000024
677,0.0000000000008694,0.0000000000008694,0.0000000000008051,0.0000000000000024
678,0.0000000000008667,0.0000000000008667,0.0000000000008026,0.0000000000000022
679,0.0000000000008640,0.0000000000008640,0.0000000000008001,0.0000000000000016
680,0.0000000000008613,0.0000000000008613,0.0000000000007976,0.0000000000000016
681,0.0000000000008587,0.0000000000008587,0.0000000000007951,0.0000000000000012
682,0.0000000000008560,0.0000000000008560,0.0000000000007926,0.0000000000000013
683,0.0000000000008533,0.0000000000008533,0.0000000000007901,0.0000000000000009
684,0.0000000000008506,0.0000000000008506,0.0000000000007877,0.0000000000000006
685,0.0000000000008479,0.0000000000008479,0.0000000000007852,0.0000000000000010
686,0.0000000000008452,0.0000000000008452,0.0000000000007827,0.0000000000000013
687,0.0000000000008425,0.0000000000008425,0.0000000000007802,0.0000000000000019
688,0.0000000000008398,0.0000000000008398,0.0000000000007777,0.0000000000000017
689,0.0000000000008371,0.0000000000008371,0.0000000000007752,0.0000000000000013
690,0.0000000000008345,0.0000000000008345,0.0000000000007727,0.0000000000000006
691,0.0000000000008318,0.0000000000008318,0.0000000000007702,0.0000000000000003
692,0.0000000000008291,0.0000000000008291,0.0000000000007677,0.0000000000000000
693,0.0000000000008264,0.0000000000008264,0.0000000000007652,0.0000000000000001
694,0.0000000000008237,0.0000000000008237,0.0000000000007627,0.0000000000000001
695,0.0000000000008210,0.0000000000008210,0.0000000000007602,0.0000000000000001
696,0.0000000000008183,0.0000000000008183,0.0000000000007577,0.0000000000000001
697,0.0000000000008156,0.0000000000008156,0.0000000000007553,0.0000000000000009
698,0.0000000000008129,0.0000000000008129,0.0000000000007528,0.0000000000000004
699,0.0000000000008103,0.0000000000008103,0.0000000000007503,0.0000000000000003
700,0.0000000000008076,0.0000000000008076,0.0000000000007478,0.0000000000000004
701,0.0000000000008049,0.0000000000008049,0.0000000000007453,0.0000000000000001
702,0.0000000000008022,0.0000000000008022,0.0000000000007428,0.0000000000000001
703,0.0000000000007995,0.0000000000007995,0.0000000000007403,0.0000000000000000
704,0.0000000000007968,0.0000000000007968,0.0000000000007378,0.0000000000000001
705,0.0000000000007941,0.0000000000007941,0.0000000000007353,0.0000000000000001
706,0.0000000000007914,0.0000000000007914,0.0000000000007328,0.0000000000000004
707,0.0000000000007887,0.0000000000007887,0.0000000000007303,0.0000000000000004
708,0.0000000000007861,0.0000000000007861,0.0000000000007278,0.0000000000000001
709,0.0000000000007834,0.0000000000007834,0.0000000000007253,0.0000000000000001
710,0.0000000000007807,0.0000000000007807,0.0000000000007228,0.0000000000000001
711,0.0000000000007780,0.0000000000007780,0.0000000000007204,0.0000000000000010
712,0.0000000000007753,0.0000000000007753,0.0000000000007179,0.0000000000000009
713,0.0000000000007726,0.0000000000007726,0.0000000000007154,0.0000000000000010
714,0.0000000000007699,0.0000000000007699,0.0000000000007129,0.0000000000000013
715,0.0000000000007672,0.0000000000007672,0.0000000000007104,0.0000000000000013
716,0.0000000000007646,0.0000000000007646,0.0000000000007079,0.0000000000000006
717,0.0000000000007619,0.0000000000007619,0.0000000000007054,0.0000000000000014
718,0.0000000000007592,0.0000000000007592,0.0000000000007029,0.0000000000000017
719,0.0000000000007565,0.0000000000007565,0.0000000000007004,0.0000000000000012
720,0.0000000000007538,0.0000000000007538,0.0000000000006979,0.0000000000000006
721,0.0000000000007511,0.0000000000007511,0.0000000000006954,0.0000000000000009
722,0.0000000000007484,0.0000000000007484,0.0000000000006929,0.0000000000000014
723,0.0000000000007457,0.0000000000007457,0.0000000000006904,0.0000000000000017
724,0.0000000000007430,0.0000000000007430,0.0000000000006880,0.0000000000000017
725,0.0000000000007404,0.0000000000007404,0.0000000000006855,0.0000000000000017
726,0.0000000000007377,0.0000000000007377,0.0000000000006830,0.0000000000000020
727,0.0000000000007350,0.0000000000007350,0.0000000000006805,0.0000000000000023
728,0.0000000000007323,0.0000000000007323,0.0000000000006780,0.0000000000000029
729,0.0000000000007296,0.0000000000007296,0.0000000000006755,0.0000000000000029
730,0.0000000000007269,0.0000000000007269,0.0000000000006730,0.0000000000000035
731,0.0000000000007242,0.0000000000007242,0.0000000000006705,0.0000000000000033
732,0.0000000000007215,0.0000000000007215,0.0000000000006680,0.0000000000000043
733,0.0000000000007188,0.0000000000007188,0.0000000000006655,0.0000000000000052
734,0.0000000000007162,0.0000000000007162,0.0000000000006630,0.0000000000000052
735,0.0000000000007135,0.0000000000007135,0.0000000000006605,0.0000000000000053
736,0.0000000000007108,0.0000000000007108,0.0000000000006580,0.0000000000000056
737,0.0000000000007081,0.0000000000007081,0.0000000000006555,0.0000000000000060
738,0.0000000000007054,0.0000000000007054,0.0000000000006531,0.0000000000000062
739,0.0000000000007027,0.0000000000007027,0.0000000000006506,0.0000000000000068
740,0.0000000000007000,0.0000000000007000,0.0000000000006481,0.0000000000000073
741,0.0000000000006973,0.0000000000006973,0.0000000000006456,0.0000000000000073
742,0.0000000000006946,0.0000000000006946,0.0000000000006431,0.0000000000000075
743,0.0000000000006920,0.0000000000006920,0.0000000000006406,0.0000000000000066
744,0.0000000000006893,0.0000000000006893,0.0000000000006381,0.0000000000000069
745,0.0000000000006866,0.0000000000006866,0.0000000000006356,0.0000000000000078
746,0.0000000000006839,0.0000000000006839,0.0000000000006331,0.0000000000000073
747,0.0000000000006812,0.0000000000006812,0.0000000000006306,0.0000000000000078
748,0.0000000000006785,0.0000000000006785,0.0000000000006281,0.0000000000000069
749,0.0000000000006758,0.0000000000006758,0.0000000000006256,0.0000000000000069
750,0.0000000000006731,0.0000000000006731,0.0000000000006231,0.0000000000000069
751,0.0000000000006704,0.0000000000006704,0.0000000000006207,0.0000000000000066
752,0.0000000000006678,0.0000000000006678,0.0000000000006182,0.0000000000000066
753,0.0000000000006651,0.0000000000006651,0.0000000000006157,0.0000000000000063
754,0.0000000000006624,0.0000000000006624,0.0000000000006132,0.0000000000000060
755,0.0000000000006597,0.0000000000006597,0.0000000000006107,0.0000000000000058
756,0.0000000000006570,0.0000000000006570,0.0000000000006082,0.0000000000000056
757,0.0000000000006543,0.0000000000006543,0.0000000000006057,0.0000000000000053
758,0.0000000000006516,0.0000000000006516,0.0000000000006032,0.0000000000000052
759,0.0000000000006489,0.0000000000006489,0.0000000000006007,0.0000000000000053
760,0.0000000000006463,0.0000000000006463,0.0000000000005982,0.0000000000000053
761,0.0000000000006436,0.0000000000006436,0.0000000000005957,0.0000000000000059
762,0.0000000000006409,0.0000000000006409,0.0000000000005932,0.0000000000000059
763,0.0000000000006382,0.0000000000006382,0.0000000000005907,0.0000000000000062
764,0.0000000000006355,0.0000000000006355,0.0000000000005882,0.0000000000000068
765,0.0000000000006328,0.0000000000006328,0.0000000000005858,0.0000000000000071
766,0.0000000000006301,0.0000000000006301,0.0000000000005833,0.0000000000000069
767,0.0000000000006274,0.0000000000006274,0.0000000000005808,0.0000000000000068
768,0.0000000000006247,0.0000000000006247,0.0000000000005783,0.0000000000000059
769,0.0000000000006221,0.0000000000006221,0.0000000000005758,0.0000000000000060
770,0.0000000000006194,0.0000000000006194,0.0000000000005733,0.0000000000000062
771,0.0000000000006167,0.0000000000006167,0.0000000000005708,0.0000000000000062
772,0.0000000000006140,0.0000000000006140,0.0000000000005683,0.0000000000000050
773,0.0000000000006113,0.0000000000006113,0.0000000000005658,0.0000000000000049
774,0.0000000000006086,0.0000000000006086,0.0000000000005633,0.0000000000000055
775,0.0000000000006059,0.0000000000006059,0.0000000000005608,0.0000000000000058
776,0.0000000000006032,0.0000000000006032,0.0000000000005583,0.0000000000000053
777,0.0000000000006005,0.0000000000006005,0.0000000000005558,0.0000000000000052
778,0.0000000000005979,0.0000000000005979,0.0000000000005534,0.0000000000000053
779,0.0000000000005952,0.0000000000005952,0.0000000000005509,0.0000000000000052
780,0.0000000000005925,0.0000000000005925,0.0000000000005484,0.0000000000000052
781,0.0000000000005898,0.0000000000005898,0.0000000000005459,0.0000000000000055
782,0.0000000000005871,0.0000000000005871,0.0000000000005434,0.0000000000000058
783,0.0000000000005844,0.0000000000005844,0.0000000000005409,0.0000000000000062
784,0.0000000000005817,0.0000000000005817,0.0000000000005384,0.0000000000000063
785,0.0000000000005790,0.0000000000005790,0.0000000000005359,0.0000000000000063
786,0.0000000000005763,0.0000000000005763,0.0000000000005334,0.0000000000000066
787,0.0000000000005737,0.0000000000005737,0.0000000000005309,0.0000000000000066
788,0.0000000000005710,0.0000000000005710,0.0000000000005284,0.0000000000000058
789,0.0000000000005683,0.0000000000005683,0.0000000000005259,0.0000000000000060
790,0.0000000000005656,0.0000000000005656,0.0000000000005234,0.0000000000000058
791,0.0000000000005629,0.0000000000005629,0.0000000000005209,0.0000000000000048
792,0.0000000000005602,0.0000000000005602,0.0000000000005185,0.0000000000000045
793,0.0000000000005575,0.0000000000005575,0.0000000000005160,0.0000000000000046
794,0.0000000000005548,0.0000000000005548,0.0000000000005135,0.0000000000000048
795,0.0000000000005522,0.0000000000005522,0.0000000000005110,0.0000000000000048
796,0.0000000000005495,0.0000000000005495,0.0000000000005085,0.0000000000000052
797,0.0000000000005468,0.0000000000005468,0.0000000000005060,0.0000000000000052
798,0.0000000000005441,0.0000000000005441,0.0000000000005035,0.0000000000000053
799,0.0000000000005414,0.0000000000005414,0.0000000000005010,0.0000000000000055
800,0.0000000000005387,0.0000000000005387,0.0000000000004985,0.0000000000000050
801,0.0000000000005360,0.0000000000005360,0.0000000000004960,0.0000000000000050
802,0.0000000000005333,0.0000000000005333,0.0000000000004935,0.0000000000000045
803,0.0000000000005306,0.0000000000005306,0.0000000000004910,0.0000000000000048
804,0.0000000000005280,0.0000000000005280,0.0000000000004885,0.0000000000000045
805,0.0000000000005253,0.0000000000005253,0.0000000000004861,0.0000000000000053
806,0.0000000000005226,0.0000000000005226,0.0000000000004836,0.0000000000000056
807,0.0000000000005199,0.0000000000005199,0.0000000000004811,0.0000000000000056
808,0.0000000000005172,0.0000000000005172,0.0000000000004786,0.0000000000000059
809,0.0000000000005145,0.0000000000005145,0.0000000000004761,0.0000000000000058
810,0.0000000000005118,0.0000000000005118,0.0000000000004736,0.0000000000000055
811,0.0000000000005091,0.0000000000005091,0.0000000000004711,0.0000000000000058
812,0.0000000000005064,0.0000000000005064,0.0000000000004686,0.0000000000000052
813,0.0000000000005038,0.0000000000005038,0.0000000000004661,0.0000000000000058
814,0.0000000000005011,0.0000000000005011,0.0000000000004636,0.0000000000000065
815,0.0000000000004984,0.0000000000004984,0.0000000000004611,0.0000000000000060
816,0.0000000000004957,0.0000000000004957,0.0000000000004586,0.0000000000000060
817,0.0000000000004930,0.0000000000004930,0.0000000000004561,0.0000000000000055
818,0.0000000000004903,0.0000000000004903,0.0000000000004536,0.0000000000000058
819,0.0000000000004876,0.0000000000004876,0.0000000000004512,0.0000000000000055
820,0.0000000000004849,0.0000000000004849,0.0000000000004487,0.0000000000000055
821,0.0000000000004822,0.0000000000004822,0.0000000000004462,0.0000000000000058
822,0.0000000000004796,0.0000000000004796,0.0000000000004437,0.0000000000000053
823,0.0000000000004769,0.0000000000004769,0.0000000000004412,0.0000000000000053
824,0.0000000000004742,0.0000000000004742,0.0000000000004387,0.0000000000000050
825,0.0000000000004715,0.0000000000004715,0.0000000000004362,0.0000000000000052
826,0.0000000000004688,0.0000000000004688,0.0000000000004337,0.0000000000000050
827,0.0000000000004661,0.0000000000004661,0.0000000000004312,0.0000000000000052
828,0.0000000000004634,0.0000000000004634,0.0000000000004287,0.0000000000000055
829,0.0000000000004607,0.0000000000004607,0.0000000000004262,0.0000000000000055
830,0.0000000000004581,0.0000000000004581,0.0000000000004237,0.0000000000000052
831,0.0000000000004554,0.0000000000004554,0.0000000000004212,0.0000000000000055
832,0.0000000000004527,0.0000000000004527,0.0000000000004188,0.0000000000000055
833,0.0000000000004500,0.0000000000004500,0.0000000000004163,0.0000000000000059
834,0.0000000000004473,0.0000000000004473,0.0000000000004138,0.0000000000000052
835,0.0000000000004446,0.0000000000004446,0.0000000000004113,0.0000000000000055
836,0.0000000000004419,0.0000000000004419,0.0000000000004088,0.0000000000000053
837,0.0000000000004392,0.0000000000004392,0.0000000000004063,0.0000000000000055
838,0.0000000000004365,0.0000000000004365,0.0000000000004038,0.0000000000000055
839,0.0000000000004339,0.0000000000004339,0.0000000000004013,0.0000000000000050
840,0.0000000000004312,0.0000000000004312,0.0000000000003988,0.0000000000000050
841,0.0000000000004285,0.0000000000004285,0.0000000000003963,0.0000000000000055
842,0.0000000000004258,0.0000000000004258,0.0000000000003938,0.0000000000000053
843,0.0000000000004231,0.0000000000004231,0.0000000000003913,0.0000000000000050
844,0.0000000000004204,0.0000000000004204,0.0000000000003888,0.0000000000000037
845,0.0000000000004177,0.0000000000004177,0.0000000000003864,0.0000000000000036
846,0.0000000000004150,0.0000000000004150,0.0000000000003839,0.0000000000000036
847,0.0000000000004123,0.0000000000004123,0.0000000000003814,0.0000000000000037
848,0.0000000000004097,0.0000000000004097,0.0000000000003789,0.0000000000000039
849,0.0000000000004070,0.0000000000004070,0.0000000000003764,0.0000000000000033
850,0.0000000000004043,0.0000000000004043,0.0000000000003739,0.0000000000000030
851,0.0000000000004016,0.0000000000004016,0.0000000000003714,0.0000000000000032
852,0.0000000000003989,0.0000000000003989,0.0000000000003689,0.0000000000000026
853,0.0000000000003962,0.0000000000003962,0.0000000000003664,0.0000000000000024
854,0.0000000000003935,0.0000000000003935,0.0000000000003639,0.0000000000000024
855,0.0000000000003908,0.0000000000003908,0.0000000000003614,0.0000000000000022
856,0.0000000000003881,0.0000000000003881,0.0000000000003589,0.0000000000000019
857,0.0000000000003855,0.0000000000003855,0.0000000000003564,0.0000000000000027
858,0.0000000000003828,0.0000000000003828,0.0000000000003539,0.0000000000000026
859,0.0000000000003801,0.0000000000003801,0.0000000000003515,0.0000000000000023
860,0.0000000000003774,0.0000000000003774,0.0000000000003490,0.0000000000000022
861,0.0000000000003747,0.0000000000003747,0.0000000000003465,0.0000000000000023
862,0.0000000000003720,0.0000000000003720,0.0000000000003440,0.0000000000000023
863,0.0000000000003693,0.0000000000003693,0.0000000000003415,0.0000000000000023
864,0.0000000000003666,0.0000000000003666,0.0000000000003390,0.0000000000000026
865,0.0000000000003640,0.0000000000003640,0.0000000000003365,0.0000000000000023
866,0.0000000000003613,0.0000000000003613,0.0000000000003340,0.0000000000000022
867,0.0000000000003586,0.0000000000003586,0.0000000000003315,0.0000000000000010
868,0.0000000000003559,0.0000000000003559,0.0000000000003290,0.0000000000000007
869,0.0000000000003532,0.0000000000003532,0.0000000000003265,0.0000000000000004
870,0.0000000000003505,0.0000000000003505,0.0000000000003240,0.0000000000000004
871,0.0000000000003478,0.0000000000003478,0.0000000000003215,0.0000000000000000
872,0.0000000000003451,0.0000000000003451,0.0000000000003191,0.0000000000000001
873,0.0000000000003424,0.0000000000003424,0.0000000000003166,0.0000000000000001
874,0.0000000000003398,0.0000000000003398,0.0000000000003141,0.0000000000000003
875,0.0000000000003371,0.0000000000003371,0.0000000000003116,0.0000000000000004
876,0.0000000000003344,0.0000000000003344,0.0000000000003091,0.0000000000000009
877,0.0000000000003317,0.0000000000003317,0.0000000000003066,0.0000000000000009
878,0.0000000000003290,0.0000000000003290,0.0000000000003041,0.0000000000000006
879,0.0000000000003263,0.0000000000003263,0.0000000000003016,0.0000000000000004
880,0.0000000000003236,0.0000000000003236,0.0000000000002991,0.0000000000000001
881,0.0000000000003209,0.0000000000003209,0.0000000000002966,0.0000000000000004
882,0.0000000000003182,0.0000000000003182,0.0000000000002941,0.0000000000000010
883,0.0000000000003156,0.0000000000003156,0.0000000000002916,0.0000000000000012
884,0.0000000000003129,0.0000000000003129,0.0000000000002891,0.0000000000000017
885,0.0000000000003102,0.0000000000003102,0.0000000000002866,0.0000000000000019
886,0.0000000000003075,0.0000000000003075,0.0000000000002842,0.0000000000000020
887,0.0000000000003048,0.0000000000003048,0.0000000000002817,0.0000000000000022
888,0.0000000000003021,0.0000000000003021,0.0000000000002792,0.0000000000000026
889,0.0000000000002994,0.0000000000002994,0.0000000000002767,0.0000000000000024
890,0.0000000000002967,0.0000000000002967,0.0000000000002742,0.0000000000000023
891,0.0000000000002940,0.0000000000002940,0.0000000000002717,0.0000000000000020
892,0.0000000000002914,0.0000000000002914,0.0000000000002692,0.0000000000000023
893,0.0000000000002887,0.0000000000002887,0.0000000000002667,0.0000000000000029
894,0.0000000000002860,0.0000000000002860,0.0000000000002642,0.0000000000000033
895,0.0000000000002833,0.0000000000002833,0.0000000000002617,0.0000000000000037
896,0.0000000000002806,0.0000000000002806,0.0000000000002592,0.0000000000000035
897,0.0000000000002779,0.0000000000002779,0.0000000000002567,0.0000000000000032
898,0.0000000000002752,0.0000000000002752,0.0000000000002542,0.0000000000000033
899,0.0000000000002725,0.0000000000002725,0.0000000000002518,0.0000000000000035
900,0.0000000000002698,0.0000000000002698,0.0000000000002493,0.0000000000000033
901,0.0000000000002672,0.0000000000002672,0.0000000000002468,0.0000000000000033
902,0.0000000000002645,0.0000000000002645,0.0000000000002443,0.0000000000000032
903,0.0000000000002618,0.0000000000002618,0.0000000000002418,0.0000000000000029
904,0.0000000000002591,0.0000000000002591,0.0000000000002393,0.0000000000000030
905,0.0000000000002564,0.0000000000002564,0.0000000000002368,0.0000000000000027
906,0.0000000000002537,0.0000000000002537,0.0000000000002343,0.0000000000000027
907,0.0000000000002510,0.0000000000002510,0.0000000000002318,0.0000000000000027
908,0.0000000000002483,0.0000000000002483,0.0000000000002293,0.0000000000000022
909,0.0000000000002457,0.0000000000002457,0.0000000000002268,0.0000000000000030
910,0.0000000000002430,0.0000000000002430,0.0000000000002243,0.0000000000000032
911,0.0000000000002403,0.0000000000002403,0.0000000000002218,0.0000000000000023
912,0.0000000000002376,0.0000000000002376,0.0000000000002193,0.0000000000000020
913,0.0000000000002349,0.0000000000002349,0.0000000000002169,0.0000000000000020
914,0.0000000000002322,0.0000000000002322,0.0000000000002144,0.0000000000000020
915,0.0000000000002295,0.0000000000002295,0.0000000000002119,0.0000000000000014
916,0.0000000000002268,0.0000000000002268,0.0000000000002094,0.0000000000000012
917,0.0000000000002241,0.0000000000002241,0.0000000000002069,0.0000000000000012
918,0.0000000000002215,0.0000000000002215,0.0000000000002044,0.0000000000000012
919,0.0000000000002188,0.0000000000002188,0.0000000000002019,0.0000000000000012
920,0.0000000000002161,0.0000000000002161,0.0000000000001994,0.0000000000000010
921,0.0000000000002134,0.0000000000002134,0.0000000000001969,0.0000000000000007
922,0.0000000000002107,0.0000000000002107,0.0000000000001944,0.0000000000000000
923,0.0000000000002080,0.0000000000002080,0.0000000000001919,0.0000000000000000
924,0.0000000000002053,0.0000000000002053,0.0000000000001894,0.0000000000000001
925,0.0000000000002026,0.0000000000002026,0.0000000000001869,0.0000000000000001
926,0.0000000000001999,0.0000000000001999,0.0000000000001845,0.0000000000000003
927,0.0000000000001973,0.0000000000001973,0.0000000000001820,0.0000000000000009
928,0.0000000000001946,0.0000000000001946,0.0000000000001795,0.0000000000000010
929,0.0000000000001919,0.0000000000001919,0.0000000000001770,0.0000000000000010
930,0.0000000000001892,0.0000000000001892,0.0000000000001745,0.0000000000000010
931,0.0000000000001865,0.0000000000001865,0.0000000000001720,0.0000000000000010
932,0.0000000000001838,0.0000000000001838,0.0000000000001695,0.0000000000000012
933,0.0000000000001811,0.0000000000001811,0.0000000000001670,0.0000000000000012
934,0.0000000000001784,0.0000000000001784,0.0000000000001645,0.0000000000000006
935,0.0000000000001757,0.0000000000001757,0.0000000000001620,0.0000000000000007
936,0.0000000000001731,0.0000000000001731,0.0000000000001595,0.0000000000000010
937,0.0000000000001704,0.0000000000001704,0.0000000000001570,0.0000000000000010
938,0.0000000000001677,0.0000000000001677,0.0000000000001545,0.0000000000000013
939,0.0000000000001650,0.0000000000001650,0.0000000000001520,0.0000000000000009
940,0.0000000000001623,0.0000000000001623,0.0000000000001496,0.0000000000000006
941,0.0000000000001596,0.0000000000001596,0.0000000000001471,0.0000000000000006
942,0.0000000000001569,0.0000000000001569,0.0000000000001446,0.0000000000000012
943,0.0000000000001542,0.0000000000001542,0.0000000000001421,0.0000000000000009
944,0.0000000000001516,0.0000000000001516,0.0000000000001396,0.0000000000000009
945,0.0000000000001489,0.0000000000001489,0.0000000000001371,0.0000000000000004
946,0.0000000000001462,0.0000000000001462,0.0000000000001346,0.0000000000000003
947,0.0000000000001435,0.0000000000001435,0.0000000000001321,0.0000000000000009
948,0.0000000000001408,0.0000000000001408,0.0000000000001296,0.0000000000000014
949,0.0000000000001381,0.0000000000001381,0.0000000000001271,0.0000000000000017
950,0.0000000000001354,0.0000000000001354,0.0000000000001246,0.0000000000000020
951,0.0000000000001327,0.0000000000001327,0.0000000000001221,0.0000000000000023
952,0.0000000000001300,0.0000000000001300,0.0000000000001196,0.0000000000000022
953,0.0000000000001274,0.0000000000001274,0.0000000000001172,0.0000000000000022
954,0.0000000000001247,0.0000000000001247,0.0000000000001147,0.0000000000000017
955,0.0000000000001220,0.0000000000001220,0.0000000000001122,0.0000000000000016
956,0.0000000000001193,0.0000000000001193,0.0000000000001097,0.0000000000000014
957,0.0000000000001166,0.0000000000001166,0.0000000000001072,0.0000000000000016
958,0.0000000000001139,0.0000000000001139,0.0000000000001047,0.0000000000000016
959,0.0000000000001112,0.0000000000001112,0.0000000000001022,0.0000000000000017
960,0.0000000000001085,0.0000000000001085,0.0000000000000997,0.0000000000000016
961,0.0000000000001058,0.0000000000001058,0.0000000000000972,0.0000000000000017
962,0.0000000000001032,0.0000000000001032,0.0000000000000947,0.0000000000000022
963,0.0000000000001005,0.0000000000001005,0.0000000000000922,0.0000000000000022
964,0.0000000000000978,0.0000000000000978,0.0000000000000897,0.0000000000000022
965,0.0000000000000951,0.0000000000000951,0.0000000000000872,0.0000000000000023
966,0.0000000000000924,0.0000000000000924,0.0000000000000847,0.0000000000000022
967,0.0000000000000897,0.0000000000000897,0.0000000000000823,0.0000000000000023
968,0.0000000000000870,0.0000000000000870,0.0000000000000798,0.0000000000000024
969,0.0000000000000843,0.0000000000000843,0.0000000000000773,0.0000000000000033
970,0.0000000000000816,0.0000000000000816,0.0000000000000748,0.0000000000000029
971,0.0000000000000790,0.0000000000000790,0.0000000000000723,0.0000000000000023
972,0.0000000000000763,0.0000000000000763,0.0000000000000698,0.0000000000000029
973,0.0000000000000736,0.0000000000000736,0.0000000000000673,0.0000000000000023
974,0.0000000000000709,0.0000000000000709,0.0000000000000648,0.0000000000000022
975,0.0000000000000682,0.0000000000000682,0.0000000000000623,0.0000000000000027
976,0.0000000000000655,0.0000000000000655,0.0000000000000598,0.0000000000000026
977,0.0000000000000628,0.0000000000000628,0.0000000000000573,0.0000000000000026
978,0.0000000000000601,0.0000000000000601,0.0000000000000548,0.0000000000000032
979,0.0000000000000575,0.0000000000000575,0.0000000000000523,0.0000000000000032
980,0.0000000000000548,0.0000000000000548,0.0000000000000499,0.0000000000000036
981,0.0000000000000521,0.0000000000000521,0.0000000000000474,0.0000000000000032
982,0.0000000000000494,0.0000000000000494,0.0000000000000449,0.0000000000000029
983,0.0000000000000467,0.0000000000000467,0.0000000000000424,0.0000000000000024
984,0.0000000000000440,0.0000000000000440,0.0000000000000399,0.0000000000000020
985,0.0000000000000413,0.0000000000000413,0.0000000000000374,0.0000000000000017
986,0.0000000000000386,0.0000000000000386,0.0000000000000349,0.0000000000000013
987,0.0000000000000359,0.0000000000000359,0.0000000000000324,0.0000000000000013
988,0.0000000000000333,0.0000000000000333,0.0000000000000299,0.0000000000000017
989,0.0000000000000306,0.0000000000000306,0.0000000000000274,0.0000000000000020
990,0.0000000000000279,0.0000000000000279,0.0000000000000249,0.0000000000000023
991,0.0000000000000252,0.0000000000000252,0.0000000000000224,0.0000000000000020
992,0.0000000000000225,0.0000000000000225,0.0000000000000199,0.0000000000000020
993,0.0000000000000198,0.0000000000000198,0.0000000000000174,0.0000000000000013
994,0.0000000000000171,0.0000000000000171,0.0000000000000150,0.0000000000000009
995,0.0000000000000144,0.0000000000000144,0.0000000000000125,0.0000000000000007
996,0.0000000000000117,0.0000000000000117,0.0000000000000100,0.0000000000000009
997,0.0000000000000091,0.0000000000000091,0.0000000000000075,0.0000000000000004
998,0.0000000000000064,0.0000000000000064,0.0000000000000050,0.0000000000000009
999,0.0000000000000037,0.0000000000000037,0.0000000000000025,0.0000000000000001
1000,0.0000000000000010,0.0000000000000010,0.0000000000000000,0.0000000000000000
# converged_iteration: 157
# converged_cpu_time: 95.460000
