iteration,max_diff,ave_diff,max_diff_true,ave_diff_true
1,0.867960635756,0.455627528872,0.951333978340,0.481852465473
2,0.389564142824,0.195219775184,0.631427931069,0.328952358583
3,0.376322404850,0.183904215818,0.396214910054,0.211710813284
4,0.081048133000,0.040190110763,0.044399537942,0.035632383630
5,0.016134765375,0.007389270869,0.050651121299,0.041861401128
6,0.031440000237,0.015126128059,0.044602432498,0.034237680076
7,0.022775995914,0.011004144182,0.044520683534,0.019252327745
8,0.011024259018,0.005308144315,0.044433036461,0.027215887004
9,0.002217871606,0.001050077453,0.044352697001,0.032311249260
10,0.003484160725,0.001683779647,0.044277759871,0.033276353419
11,0.002755070094,0.001322987717,0.044256202513,0.031639244385
12,0.001816153886,0.000867696275,0.044225083629,0.030349260102
13,0.000969024109,0.000463769068,0.044184225614,0.029501343977
14,0.000366032383,0.000181948620,0.044133979082,0.029047145629
15,0.000064343430,0.000031507000,0.044074953975,0.028868054717
16,0.000105060750,0.000077207542,0.044007778934,0.028837334134
17,0.000089264937,0.000075039993,0.043932955256,0.028856873522
18,0.000085553936,0.000049407585,0.043850808889,0.028868819605
19,0.000092348398,0.000048017396,0.043761510984,0.028850385005
20,0.000099124879,0.000069175328,0.043665130181,0.028801368483
21,0.000105890721,0.000079364099,0.043561687254,0.028731526761
22,0.000112632885,0.000082169670,0.043451195455,0.028651577842
23,0.000119333197,0.000082036370,0.043333681772,0.028568737110
24,0.000125977323,0.000082196029,0.043209192284,0.028485878052
25,0.000132557725,0.000084096677,0.043077788137,0.028402716218
26,0.000139072622,0.000087769199,0.042939538444,0.028317552004
27,0.000145523329,0.000092529781,0.042794514277,0.028228655524
28,0.000151911744,0.000097596666,0.042642785427,0.028134965145
29,0.000158238822,0.000102437888,0.042484419802,0.028036183295
30,0.000164504126,0.000106853579,0.042319484394,0.027932532402
31,0.000170706096,0.000110891639,0.042148046741,0.027824430334
32,0.000176842608,0.000114709283,0.041970176080,0.027712248215
33,0.000182911473,0.000118459022,0.041785943937,0.027596203542
34,0.000188910716,0.000122230891,0.041595424183,0.027476364752
35,0.000194838646,0.000126046342,0.041398692810,0.027352712283
36,0.000200693782,0.000129881708,0.041195827625,0.027225205633
37,0.000206474735,0.000133698273,0.040986908026,0.027093827475
38,0.000212180120,0.000137464177,0.040772014899,0.026958598386
39,0.000217808502,0.000141163455,0.040551230615,0.026819570142
40,0.000223358407,0.000144794637,0.040324639064,0.026676810181
41,0.000228828344,0.000148364299,0.040092325699,0.026530387414
42,0.000234216834,0.000151880405,0.039854377544,0.026380364357
43,0.000239522438,0.000155348158,0.039610883174,0.026226795766
44,0.000244743761,0.000158768839,0.039361932670,0.026069731335
45,0.000249879453,0.000162140736,0.039107617564,0.025909219536
46,0.000254928206,0.000165460850,0.038848030787,0.025745310539
47,0.000259888748,0.000168726339,0.038583266618,0.025578057479
48,0.000264759840,0.000171935267,0.038313420643,0.025407516297
49,0.000269540273,0.000175086654,0.038038589712,0.025233744851
50,0.000274228879,0.000178180141,0.037758871902,0.025056801980
51,0.000278824522,0.000181215559,0.037474366470,0.024876746892
52,0.000283326109,0.000184192628,0.037185173810,0.024693638981
53,0.000287732590,0.000187110842,0.036891395406,0.024507537925
54,0.000292042955,0.000189969506,0.036593133778,0.024318503914
55,0.000296256237,0.000192767841,0.036290492440,0.024126597827
56,0.000300371512,0.000195505085,0.035983575844,0.023931881320
57,0.000304387899,0.000198180554,0.035672489332,0.023734416798
58,0.000308304558,0.000200793656,0.035357339087,0.023534267345
59,0.000312120694,0.000203343867,0.035038232083,0.023331496629
60,0.000315835555,0.000205830705,0.034715276033,0.023126168834
61,0.000319448433,0.000208253711,0.034388579342,0.022918348614
62,0.000322958664,0.000210612431,0.034058251054,0.022708101075
63,0.000326365630,0.000212906424,0.033724400802,0.022495491764
64,0.000329668753,0.000215135265,0.033387138758,0.022280586654
65,0.000332867504,0.000217298554,0.033046575581,0.022063452130
66,0.000335961396,0.000219395921,0.032702822370,0.021844154962
67,0.000338949987,0.000221427026,0.032355990610,0.021622762272
68,0.000341832878,0.000223391560,0.032006192125,0.021399341505
69,0.000344609715,0.000225289240,0.031653539026,0.021173960397
70,0.000347280188,0.000227119813,0.031298143667,0.020946686945
71,0.000349844031,0.000228883046,0.030940118588,0.020717589382
72,0.000352301020,0.000230578735,0.030579576475,0.020486736151
73,0.000354650977,0.000232206700,0.030216630104,0.020254195879
74,0.000356893763,0.000233766786,0.029851392302,0.020020037347
75,0.000359029286,0.000235258866,0.029483975892,0.019784329471
76,0.000361057494,0.000236682837,0.029114493650,0.019547141266
77,0.000362978377,0.000238038624,0.028743058260,0.019308541829
78,0.000364791968,0.000239326178,0.028369782266,0.019068600302
79,0.000366498340,0.000240545472,0.027994778028,0.018827385855
80,0.000368097608,0.000241696508,0.027618157679,0.018584967654
81,0.000369589927,0.000242779311,0.027240033080,0.018341414837
82,0.000370975493,0.000243793930,0.026860515776,0.018096796491
83,0.000372254538,0.000244740441,0.026479716958,0.017851181623
84,0.000373427339,0.000245618943,0.026097747414,0.017604639137
85,0.000374494205,0.000246429558,0.025714717497,0.017357237809
86,0.000375455489,0.000247172434,0.025330737077,0.017109046264
87,0.000376311578,0.000247847742,0.024945915507,0.016860132948
88,0.000377062896,0.000248455675,0.024560361581,0.016610566108
89,0.000377709906,0.000248996451,0.024174183497,0.016360413766
90,0.000378253103,0.000249470310,0.023787488821,0.016109743698
91,0.000378693021,0.000249877514,0.023400384450,0.015858623409
92,0.000379030227,0.000250218348,0.023012976575,0.015607120109
93,0.000379265322,0.000250493118,0.022625370648,0.015355300697
94,0.000379398940,0.000250702153,0.022237671348,0.015103231732
95,0.000379431750,0.000250845801,0.021849982548,0.014850979414
96,0.000379364449,0.000250924435,0.021462407279,0.014598609565
97,0.000379197771,0.000250938443,0.021075047706,0.014346187604
98,0.000378932476,0.000250888238,0.020688005090,0.014093778532
99,0.000378569358,0.000250774251,0.020301379762,0.013841446905
100,0.000378109238,0.000250596933,0.019915271092,0.013589256820
101,0.000377552968,0.000250356752,0.019529777464,0.013337271895
102,0.000376901426,0.000250054198,0.019144996246,0.013085555244
103,0.000376155519,0.000249689779,0.018761023764,0.012834169468
104,0.000375316182,0.000249264019,0.018377955275,0.012583176628
105,0.000374384373,0.000248777462,0.017995884947,0.012332638234
106,0.000373361080,0.000248230668,0.017614905828,0.012082615223
107,0.000372247312,0.000247624214,0.017235109829,0.011833167944
108,0.000371044104,0.000246958695,0.016856587697,0.011584356142
109,0.000369752514,0.000246234721,0.016479428999,0.011336238939
110,0.000368373624,0.000245452918,0.016103722093,0.011088874821
111,0.000366908537,0.000244613928,0.015729554116,0.010842321622
112,0.000365358378,0.000243718407,0.015357010960,0.010596636510
113,0.000363724293,0.000242767027,0.014986177256,0.010351875968
114,0.000362007447,0.000241760473,0.014617136356,0.010108095786
115,0.000360209026,0.000240699445,0.014249970314,0.009865351043
116,0.000358330234,0.000239584657,0.013884759872,0.009623696095
117,0.000356372293,0.000238416834,0.013521584446,0.009383184562
118,0.000354336443,0.000237196715,0.013160522107,0.009143869316
119,0.000352223942,0.000235925053,0.012801649573,0.008905802468
120,0.000350036061,0.000234602610,0.012445042190,0.008669035355
121,0.000347774088,0.000233230161,0.012090773922,0.008433618533
122,0.000345439328,0.000231808493,0.011738917343,0.008199601763
123,0.000343033098,0.000230338402,0.011389543618,0.007967033997
124,0.000340556728,0.000228820695,0.011042722501,0.007735963377
125,0.000338011562,0.000227256191,0.010698522320,0.007506437217
126,0.000335398957,0.000225645717,0.010357009969,0.007278501996
127,0.000332720280,0.000223990108,0.010018250901,0.007052203352
128,0.000329976910,0.000222290209,0.009682309121,0.006827586068
129,0.000327170238,0.000220546876,0.009349247175,0.006604694069
130,0.000324301662,0.000218760969,0.009019126147,0.006383570412
131,0.000321372590,0.000216933358,0.008692005653,0.006164257278
132,0.000318384441,0.000215064921,0.008367943835,0.005946795964
133,0.000315338638,0.000213156541,0.008046997356,0.005731226881
134,0.000312236616,0.000211209109,0.007729221395,0.005517589542
135,0.000309079813,0.000209223523,0.007414669648,0.005305922559
136,0.000305869676,0.000207200685,0.007103394319,0.005096263639
137,0.000302607656,0.000205141503,0.006795446123,0.004888649573
138,0.000299295210,0.000203046893,0.006490874279,0.004683116237
139,0.000295933800,0.000200917771,0.006189726514,0.004479698587
140,0.000292524892,0.000198755062,0.005892049057,0.004278430650
141,0.000289069956,0.000196559693,0.005597886643,0.004079345524
142,0.000285570463,0.000194332595,0.005307282512,0.003882475376
143,0.000282027889,0.000192074702,0.005020278405,0.003687851435
144,0.000278443711,0.000189786952,0.004736914574,0.003495503990
145,0.000274819408,0.000187470287,0.004457229775,0.003305462390
146,0.000271156459,0.000185125648,0.004181261275,0.003117755039
147,0.000267456344,0.000182753982,0.003909044854,0.002932409396
148,0.000263720544,0.000180356235,0.003640614805,0.002749451974
149,0.000259950538,0.000177933355,0.003376003939,0.002568908334
150,0.000256147806,0.000175486293,0.003115243592,0.002390803093
151,0.000252313825,0.000173015999,0.002858363623,0.002215159913
152,0.000248450070,0.000170523424,0.002605392422,0.002042001508
153,0.000244558016,0.000168009519,0.002356356914,0.001871349644
154,0.000240639133,0.000165475236,0.002111282567,0.001703225133
155,0.000236694889,0.000162921525,0.001895126648,0.001537647841
156,0.000232726748,0.000160349338,0.001700618803,0.001374636685
157,0.000228736169,0.000157759622,0.001519825869,0.001214209634
158,0.000224724609,0.000155153327,0.001351281743,0.001056383711
159,0.000220693518,0.000152531398,0.001188769246,0.000901174998
160,0.000216644342,0.000149894780,0.001028869345,0.000748598630
161,0.000212578521,0.000147244416,0.000871598213,0.000598668807
162,0.000208497488,0.000144581246,0.000716971102,0.000451398790
163,0.000204402671,0.000141906207,0.000580578239,0.000306800906
164,0.000200295492,0.000139220234,0.000466018139,0.000180521635
165,0.000196177362,0.000136524259,0.000357635841,0.000139997586
166,0.000192049688,0.000133819209,0.000513334440,0.000170161379
167,0.000000434567,0.000000157292,0.000705248686,0.000254515170
168,0.000000556685,0.000000197452,0.000704814425,0.000254358925
169,0.000000675464,0.000000236264,0.000704258132,0.000254162909
170,0.000000792070,0.000000274703,0.000703583144,0.000253928554
171,0.000000907072,0.000000313187,0.000702791630,0.000253656246
172,0.000001020786,0.000000351804,0.000701885195,0.000253345911
173,0.000001133404,0.000000390454,0.000700865125,0.000252997376
174,0.000001245044,0.000000428996,0.000699732514,0.000252610563
175,0.000001355784,0.000000467314,0.000698488339,0.000252185548
176,0.000001465670,0.000000505333,0.000697133500,0.000251722545
177,0.000001574730,0.000000543031,0.000695668850,0.000251221847
178,0.000001682980,0.000000580413,0.000694095213,0.000250683776
179,0.000001790424,0.000000617499,0.000692413398,0.000250108647
180,0.000001897062,0.000000654306,0.000690624210,0.000249496752
181,0.000002002884,0.000000690843,0.000688728455,0.000248848366
182,0.000002107882,0.000000727114,0.000686726946,0.000248163751
183,0.000002212041,0.000000763111,0.000684620507,0.000247443168
184,0.000002315344,0.000000798827,0.000682409976,0.000246686884
185,0.000002417775,0.000000834254,0.000680096206,0.000245895173
186,0.000002519312,0.000000869383,0.000677680070,0.000245068319
187,0.000002619936,0.000000904208,0.000675162459,0.000244206613
188,0.000002719625,0.000000938720,0.000672544285,0.000243310355
189,0.000002818357,0.000000972914,0.000669826481,0.000242379848
190,0.000002916110,0.000001006782,0.000667010003,0.000241415406
191,0.000003012860,0.000001040317,0.000664095830,0.000240417346
192,0.000003108585,0.000001073512,0.000661084962,0.000239385992
193,0.000003203260,0.000001106358,0.000657978422,0.000238321679
194,0.000003296863,0.000001138849,0.000654777260,0.000237224745
195,0.000003389370,0.000001170976,0.000651482545,0.000236095540
196,0.000003480758,0.000001202734,0.000648095371,0.000234934419
197,0.000003571004,0.000001234113,0.000644616857,0.000233741745
198,0.000003660085,0.000001265105,0.000641048142,0.000232517889
199,0.000003747977,0.000001295703,0.000637390391,0.000231264264
200,0.000003834659,0.000001325899,0.000633644788,0.000229980992
201,0.000003920108,0.000001355686,0.000629812545,0.000228667731
202,0.000004004302,0.000001385055,0.000625894890,0.000227324878
203,0.000004087220,0.000001414001,0.000621893078,0.000225952842
204,0.000004168840,0.000001442515,0.000617808383,0.000224552035
205,0.000004249141,0.000001470592,0.000613642102,0.000223122878
206,0.000004328103,0.000001498223,0.000609395551,0.000221665800
207,0.000004405705,0.000001525402,0.000605070067,0.000220181233
208,0.000004481929,0.000001552123,0.000600667008,0.000218669620
209,0.000004556754,0.000001578378,0.000596187751,0.000217131407
210,0.000004630162,0.000001604162,0.000591633694,0.000215567050
211,0.000004702134,0.000001629468,0.000587006250,0.000213977007
212,0.000004772654,0.000001654291,0.000582306854,0.000212361745
213,0.000004841703,0.000001678624,0.000577536956,0.000210721737
214,0.000004909264,0.000001702462,0.000572698026,0.000209057461
215,0.000004975322,0.000001725799,0.000567791549,0.000207369400
216,0.000005039860,0.000001748629,0.000562819028,0.000205658043
217,0.000005102864,0.000001770947,0.000557781978,0.000203923886
218,0.000005164318,0.000001792749,0.000552681935,0.000202167429
219,0.000005224209,0.000001814030,0.000547520444,0.000200389175
220,0.000005282522,0.000001834784,0.000542299069,0.000198590035
221,0.000005339245,0.000001855007,0.000537019384,0.000196770416
222,0.000005394365,0.000001874702,0.000531682978,0.000194930549
223,0.000005447871,0.000001893862,0.000526291452,0.000193070954
224,0.000005499750,0.000001912479,0.000520846419,0.000191192160
225,0.000005549993,0.000001930550,0.000515349502,0.000189294697
226,0.000005598590,0.000001948070,0.000509802338,0.000187379101
227,0.000005645529,0.000001965036,0.000504206572,0.000185449637
228,0.000005690804,0.000001981445,0.000498563857,0.000183503978
229,0.000005734405,0.000001997294,0.000492875858,0.000181541817
230,0.000005776324,0.000002012580,0.000487144247,0.000179563699
231,0.000005816555,0.000002027300,0.000481370703,0.000177570173
232,0.000005855091,0.000002041452,0.000475556915,0.000175562449
233,0.000005891926,0.000002055034,0.000469704574,0.000173542361
234,0.000005927054,0.000002068043,0.000463815381,0.000171508525
235,0.000005960472,0.000002080478,0.000457891041,0.000169461497
236,0.000005992174,0.000002092337,0.000451933263,0.000167401836
237,0.000006022158,0.000002103619,0.000445943761,0.000165330103
238,0.000006050421,0.000002114321,0.000439924252,0.000163246861
239,0.000006076961,0.000002124444,0.000433876456,0.000161152673
240,0.000006101775,0.000002133987,0.000427802095,0.000159048104
241,0.000006124863,0.000002142948,0.000421702893,0.000156933720
242,0.000006146225,0.000002151327,0.000415580575,0.000154810089
243,0.000006165861,0.000002159124,0.000409436866,0.000152677991
244,0.000006183772,0.000002166349,0.000403273491,0.000150539425
245,0.000006199959,0.000002173001,0.000397092175,0.000148393304
246,0.000006214424,0.000002179071,0.000390894640,0.000146240196
247,0.000006227170,0.000002184561,0.000384682607,0.000144082943
248,0.000006238201,0.000002189471,0.000378457794,0.000141920987
249,0.000006247520,0.000002193802,0.000372221915,0.000139753721
250,0.000006255131,0.000002197554,0.000365976682,0.000137581708
251,0.000006261041,0.000002200730,0.000359723801,0.000135405511
252,0.000006265255,0.000002203330,0.000353464973,0.000133225693
253,0.000006267778,0.000002205357,0.000347201893,0.000131042814
254,0.000006268619,0.000002206812,0.000340936252,0.000128857433
255,0.000006267784,0.000002207697,0.000334669731,0.000126671012
256,0.000006265281,0.000002208015,0.000328404005,0.000124484536
257,0.000006261120,0.000002207768,0.000322140742,0.000122297204
258,0.000006255309,0.000002206958,0.000315881600,0.000120109569
259,0.000006247858,0.000002205589,0.000309628227,0.000117922178
260,0.000006238778,0.000002203663,0.000303382264,0.000115735881
261,0.000006228080,0.000002201184,0.000297145340,0.000113552256
262,0.000006215774,0.000002198154,0.000290919072,0.000111370489
263,0.000006201873,0.000002194618,0.000284705068,0.000109193164
264,0.000006186389,0.000002190550,0.000278504923,0.000107020558
265,0.000006169336,0.000002186007,0.000272320219,0.000104851363
266,0.000006150727,0.000002180934,0.000266152525,0.000102686104
267,0.000006130576,0.000002175364,0.000260003397,0.000100525302
268,0.000006108897,0.000002169276,0.000253874378,0.000098369477
269,0.000006085707,0.000002162713,0.000247766994,0.000096219141
270,0.000006061020,0.000002155647,0.000241682758,0.000094076269
271,0.000006034853,0.000002148108,0.000235623166,0.000091942110
272,0.000006007221,0.000002140077,0.000229589699,0.000089814904
273,0.000005978143,0.000002131546,0.000223583821,0.000087695479
274,0.000005947635,0.000002122539,0.000217606979,0.000085586254
275,0.000005915717,0.000002113076,0.000211660602,0.000083485416
276,0.000005882405,0.000002103130,0.000205746103,0.000081396420
277,0.000005847718,0.000002092706,0.000199864874,0.000079319999
278,0.000005811677,0.000002081811,0.000194018290,0.000077253844
279,0.000005774301,0.000002070450,0.000188207707,0.000075197854
280,0.000005735610,0.000002058630,0.000182434459,0.000073152484
281,0.000005695624,0.000002046358,0.000176699862,0.000071118185
282,0.000005654364,0.000002033691,0.000171005212,0.000069095400
283,0.000005611852,0.000002020601,0.000165351783,0.000067084570
284,0.000005568109,0.000002007093,0.000159740827,0.000065086126
285,0.000005523157,0.000001993158,0.000154173577,0.000063100496
286,0.000005477018,0.000001978803,0.000148651241,0.000061133960
287,0.000005429716,0.000001964034,0.000143175007,0.000059182831
288,0.000005381273,0.000001948859,0.000137746039,0.000057248977
289,0.000005331712,0.000001933285,0.000132365478,0.000055330622
290,0.000005281058,0.000001917344,0.000127034443,0.000053426887
291,0.000005229334,0.000001901052,0.000121754028,0.000051538157
292,0.000005176563,0.000001884383,0.000116525304,0.000049665789
293,0.000005122772,0.000001867344,0.000111349316,0.000047810851
294,0.000005067985,0.000001849944,0.000106227088,0.000045977383
295,0.000005012225,0.000001832189,0.000101159617,0.000044162483
296,0.000004955520,0.000001814088,0.000096147873,0.000042364203
297,0.000004897894,0.000001795652,0.000091192805,0.000040583177
298,0.000004839374,0.000001776898,0.000086295333,0.000038821964
299,0.000004779984,0.000001757821,0.000081456353,0.000037081678
300,0.000004719751,0.000001738517,0.000076676736,0.000035363676
301,0.000004658702,0.000001718921,0.000071957324,0.000033665745
302,0.000004596863,0.000001699037,0.000067298935,0.000031986104
303,0.000004534261,0.000001678908,0.000062702360,0.000030327360
304,0.000004470922,0.000001658497,0.000058168363,0.000028692530
305,0.000004406873,0.000001637813,0.000053697682,0.000027078172
306,0.000004342142,0.000001616864,0.000049291026,0.000025483703
307,0.000004276755,0.000001595658,0.000044949080,0.000023911753
308,0.000004210740,0.000001574229,0.000040672499,0.000022359470
309,0.000004144125,0.000001552581,0.000036461912,0.000020827101
310,0.000004076936,0.000001530762,0.000032317921,0.000019314882
311,0.000004009202,0.000001508721,0.000028241101,0.000017823041
312,0.000003940949,0.000001486466,0.000024231996,0.000016351800
313,0.000003872207,0.000001464005,0.000020376140,0.000014901372
314,0.000003803001,0.000001441360,0.000018446148,0.000013471962
315,0.000003733361,0.000001418558,0.000017221163,0.000012063766
316,0.000003663313,0.000001395577,0.000016485451,0.000010676974
317,0.000003592886,0.000001372426,0.000016159330,0.000009311766
318,0.000003522107,0.000001349143,0.000015868373,0.000007968315
319,0.000003451004,0.000001325743,0.000015573426,0.000006747244
320,0.000003379604,0.000001302236,0.000015274590,0.000006163224
321,0.000003307936,0.000001278593,0.000014971971,0.000006046234
322,0.000000009381,0.000000003994,0.000014665675,0.000006229078
323,0.000000012016,0.000000005117,0.000014656294,0.000006225084
324,0.000000014579,0.000000006208,0.000014644278,0.000006219968
325,0.000000017095,0.000000007280,0.000014629699,0.000006213760
326,0.000000019576,0.000000008337,0.000014612604,0.000006206480
327,0.000000022030,0.000000009381,0.000014593028,0.000006198144
328,0.000000024459,0.000000010416,0.000014570999,0.000006188763
329,0.000000026867,0.000000011441,0.000014546541,0.000006178348
330,0.000000029255,0.000000012458,0.000014519674,0.000006166908
331,0.000000031624,0.000000013467,0.000014490420,0.000006154450
332,0.000000033975,0.000000014468,0.000014458796,0.000006140984
333,0.000000036309,0.000000015461,0.000014424821,0.000006126517
334,0.000000038624,0.000000016447,0.000014388513,0.000006111057
335,0.000000040921,0.000000017425,0.000014349890,0.000006094611
336,0.000000043201,0.000000018395,0.000014308969,0.000006077187
337,0.000000045462,0.000000019358,0.000014265769,0.000006058792
338,0.000000047704,0.000000020312,0.000014220308,0.000006039435
339,0.000000049928,0.000000021259,0.000014172604,0.000006019124
340,0.000000052132,0.000000022197,0.000014122677,0.000005997866
341,0.000000054316,0.000000023126,0.000014070546,0.000005975670
342,0.000000056479,0.000000024047,0.000014016231,0.000005952544
343,0.000000058622,0.000000024959,0.000013959752,0.000005928498
344,0.000000060744,0.000000025862,0.000013901131,0.000005903539
345,0.000000062844,0.000000026755,0.000013840388,0.000005877678
346,0.000000064921,0.000000027639,0.000013777545,0.000005850926
347,0.000000066976,0.000000028514,0.000013712624,0.000005823291
348,0.000000069007,0.000000029378,0.000013645650,0.000005794783
349,0.000000071014,0.000000030232,0.000013576644,0.000005765410
350,0.000000072997,0.000000031075,0.000013505631,0.000005735183
351,0.000000074955,0.000000031908,0.000013432635,0.000005704113
352,0.000000076887,0.000000032730,0.000013357681,0.000005672210
353,0.000000078794,0.000000033540,0.000013280795,0.000005639486
354,0.000000080673,0.000000034340,0.000013202003,0.000005605950
355,0.000000082526,0.000000035128,0.000013121330,0.000005571616
356,0.000000084352,0.000000035904,0.000013038805,0.000005536493
357,0.000000086149,0.000000036668,0.000012954454,0.000005500595
358,0.000000087919,0.000000037420,0.000012868305,0.000005463932
359,0.000000089659,0.000000038159,0.000012780388,0.000005426518
360,0.000000091370,0.000000038886,0.000012690730,0.000005388363
361,0.000000093051,0.000000039601,0.000012599362,0.000005349482
362,0.000000094701,0.000000040302,0.000012506312,0.000005309887
363,0.000000096321,0.000000040990,0.000012411612,0.000005269590
364,0.000000097910,0.000000041665,0.000012315292,0.000005228604
365,0.000000099468,0.000000042326,0.000012217383,0.000005186944
366,0.000000100993,0.000000042974,0.000012117916,0.000005144623
367,0.000000102487,0.000000043608,0.000012016924,0.000005101654
368,0.000000103947,0.000000044228,0.000011914439,0.000005058050
369,0.000000105375,0.000000044834,0.000011810493,0.000005013827
370,0.000000106769,0.000000045426,0.000011705119,0.000004968998
371,0.000000108129,0.000000046003,0.000011598352,0.000004923578
372,0.000000109455,0.000000046565,0.000011490224,0.000004877583
373,0.000000110747,0.000000047113,0.000011380770,0.000004831026
374,0.000000112004,0.000000047646,0.000011270025,0.000004783920
375,0.000000113226,0.000000048164,0.000011158022,0.000004736282
376,0.000000114413,0.000000048667,0.000011044796,0.000004688125
377,0.000000115565,0.000000049155,0.000010930384,0.000004639465
378,0.000000116680,0.000000049628,0.000010814821,0.000004590318
379,0.000000117760,0.000000050085,0.000010698142,0.000004540698
380,0.000000118803,0.000000050526,0.000010580383,0.000004490620
381,0.000000119810,0.000000050952,0.000010461581,0.000004440101
382,0.000000120781,0.000000051363,0.000010341772,0.000004389156
383,0.000000121714,0.000000051757,0.000010220993,0.000004337800
384,0.000000122610,0.000000052136,0.000010099280,0.000004286049
385,0.000000123470,0.000000052499,0.000009976671,0.000004233920
386,0.000000124292,0.000000052846,0.000009853202,0.000004181427
387,0.000000125076,0.000000053177,0.000009728912,0.000004128588
388,0.000000125823,0.000000053492,0.000009603837,0.000004075417
389,0.000000126533,0.000000053791,0.000009478015,0.000004021931
390,0.000000127204,0.000000054073,0.000009351483,0.000003968145
391,0.000000127838,0.000000054340,0.000009224280,0.000003914077
392,0.000000128434,0.000000054590,0.000009096443,0.000003859742
393,0.000000128992,0.000000054825,0.000008968010,0.000003805157
394,0.000000129513,0.000000055043,0.000008839019,0.000003750337
395,0.000000129995,0.000000055245,0.000008709507,0.000003695299
396,0.000000130439,0.000000055430,0.000008579513,0.000003640058
397,0.000000130846,0.000000055600,0.000008449075,0.000003584632
398,0.000000131214,0.000000055753,0.000008318231,0.000003529036
399,0.000000131545,0.000000055890,0.000008187018,0.000003473287
400,0.000000131837,0.000000056011,0.000008055474,0.000003417400
401,0.000000132092,0.000000056116,0.000007923638,0.000003361392
402,0.000000132310,0.000000056204,0.000007791547,0.000003305279
403,0.000000132490,0.000000056277,0.000007659238,0.000003249077
404,0.000000132632,0.000000056334,0.000007526749,0.000003192801
405,0.000000132737,0.000000056375,0.000007394118,0.000003136469
406,0.000000132805,0.000000056399,0.000007261382,0.000003080096
407,0.000000132836,0.000000056409,0.000007128577,0.000003023697
408,0.000000132830,0.000000056402,0.000006995742,0.000002967289
409,0.000000132787,0.000000056380,0.000006862913,0.000002910887
410,0.000000132708,0.000000056343,0.000006730127,0.000002854507
411,0.000000132592,0.000000056290,0.000006597420,0.000002798165
412,0.000000132441,0.000000056221,0.000006464829,0.000002741875
413,0.000000132253,0.000000056137,0.000006332389,0.000002685654
414,0.000000132030,0.000000056039,0.000006200137,0.000002629517
415,0.000000131771,0.000000055925,0.000006068107,0.000002573478
416,0.000000131478,0.000000055796,0.000005936337,0.000002517553
417,0.000000131149,0.000000055652,0.000005804860,0.000002461758
418,0.000000130786,0.000000055494,0.000005673711,0.000002406105
419,0.000000130389,0.000000055321,0.000005542925,0.000002350612
420,0.000000129958,0.000000055133,0.000005412537,0.000002295291
421,0.000000129493,0.000000054932,0.000005282580,0.000002240158
422,0.000000128995,0.000000054716,0.000005153087,0.000002185226
423,0.000000128464,0.000000054486,0.000005024092,0.000002130510
424,0.000000127901,0.000000054242,0.000004895629,0.000002076025
425,0.000000127305,0.000000053985,0.000004767728,0.000002021783
426,0.000000123796,0.000000052496,0.000004640424,0.000001967798
427,0.000000120414,0.000000051062,0.000004516629,0.000001915302
428,0.000000117155,0.000000049680,0.000004396215,0.000001864240
429,0.000000114012,0.000000048348,0.000004279060,0.000001814559
430,0.000000110981,0.000000047062,0.000004165048,0.000001766212
431,0.000000108057,0.000000045822,0.000004054067,0.000001719150
432,0.000000105234,0.000000044625,0.000003946011,0.000001673327
433,0.000000102509,0.000000043470,0.000003840777,0.000001628702
434,0.000000099878,0.000000042354,0.000003738268,0.000001585233
435,0.000000097336,0.000000041276,0.000003638391,0.000001542879
436,0.000000094879,0.000000040234,0.000003541055,0.000001501603
437,0.000000092505,0.000000039227,0.000003446177,0.000001461369
438,0.000000090209,0.000000038253,0.000003353672,0.000001422142
439,0.000000087988,0.000000037312,0.000003263464,0.000001383889
440,0.000000085840,0.000000036401,0.000003175476,0.000001346577
441,0.000000083762,0.000000035520,0.000003089636,0.000001310176
442,0.000000081750,0.000000034666,0.000003005874,0.000001274656
443,0.000000079802,0.000000033840,0.000002924125,0.000001239990
444,0.000000077915,0.000000033040,0.000002844324,0.000001206150
445,0.000000076088,0.000000032265,0.000002766409,0.000001173109
446,0.000000074317,0.000000031514,0.000002690321,0.000001140844
447,0.000000072601,0.000000030787,0.000002616005,0.000001109330
448,0.000000070937,0.000000030081,0.000002543404,0.000001078543
449,0.000000069324,0.000000029397,0.000002472467,0.000001048462
450,0.000000067759,0.000000028734,0.000002403143,0.000001019065
451,0.000000066242,0.000000028090,0.000002335384,0.000000990331
452,0.000000064769,0.000000027465,0.000002269143,0.000000962241
453,0.000000063339,0.000000026859,0.000002204374,0.000000934776
454,0.000000061952,0.000000026271,0.000002141035,0.000000907916
455,0.000000060604,0.000000025700,0.000002079083,0.000000881645
456,0.000000059296,0.000000025145,0.000002018479,0.000000855946
457,0.000000058025,0.000000024606,0.000001959183,0.000000830801
458,0.000000056790,0.000000024082,0.000001901159,0.000000806195
459,0.000000055590,0.000000023573,0.000001844369,0.000000782113
460,0.000000054423,0.000000023078,0.000001788779,0.000000758540
461,0.000000053289,0.000000022597,0.000001734356,0.000000735462
462,0.000000052186,0.000000022130,0.000001681067,0.000000712864
463,0.000000051114,0.000000021675,0.000001628881,0.000000690735
464,0.000000050070,0.000000021233,0.000001577767,0.000000669059
465,0.000000049055,0.000000020802,0.000001527697,0.000000647827
466,0.000000048068,0.000000020383,0.000001478642,0.000000627025
467,0.000000047106,0.000000019976,0.000001430574,0.000000606641
468,0.000000046170,0.000000019579,0.000001383468,0.000000586666
469,0.000000045259,0.000000019192,0.000001337298,0.000000567087
470,0.000000044371,0.000000018816,0.000001292039,0.000000547895
471,0.000000043507,0.000000018449,0.000001247668,0.000000529079
472,0.000000042665,0.000000018092,0.000001204161,0.000000510630
473,0.000000041844,0.000000017744,0.000001161496,0.000000492538
474,0.000000041045,0.000000017405,0.000001119652,0.000000474793
475,0.000000040266,0.000000017075,0.000001078607,0.000000457388
476,0.000000039506,0.000000016753,0.000001038341,0.000000440313
477,0.000000038765,0.000000016439,0.000000998835,0.000000423560
478,0.000000038043,0.000000016132,0.000000960070,0.000000407122
479,0.000000037339,0.000000015834,0.000000922027,0.000000390989
480,0.000000036652,0.000000015542,0.000000884688,0.000000375156
481,0.000000035981,0.000000015258,0.000000848037,0.000000359614
482,0.000000035327,0.000000014981,0.000000812055,0.000000344356
483,0.000000034689,0.000000014710,0.000000776728,0.000000329375
484,0.000000034066,0.000000014446,0.000000742039,0.000000314665
485,0.000000033458,0.000000014188,0.000000707974,0.000000300219
486,0.000000032864,0.000000013936,0.000000674516,0.000000286031
487,0.000000032284,0.000000013690,0.000000641652,0.000000272095
488,0.000000031718,0.000000013450,0.000000609368,0.000000258405
489,0.000000031165,0.000000013216,0.000000577650,0.000000244955
490,0.000000030625,0.000000012987,0.000000546485,0.000000231739
491,0.000000030097,0.000000012763,0.000000515860,0.000000218753
492,0.000000029581,0.000000012544,0.000000485764,0.000000205990
493,0.000000029077,0.000000012330,0.000000456183,0.000000193446
494,0.000000028584,0.000000012121,0.000000427106,0.000000181116
495,0.000000028103,0.000000011917,0.000000398521,0.000000168995
496,0.000000027632,0.000000011717,0.000000370418,0.000000157077
497,0.000000027172,0.000000011522,0.000000342786,0.000000145360
498,0.000000026721,0.000000011331,0.000000315615,0.000000133838
499,0.000000026281,0.000000011145,0.000000288893,0.000000122506
500,0.000000025851,0.000000010962,0.000000262612,0.000000111362
501,0.000000025429,0.000000010783,0.000000236761,0.000000100400
502,0.000000025017,0.000000010609,0.000000211332,0.000000089616
503,0.000000024614,0.000000010438,0.000000186315,0.000000079008
504,0.000000024219,0.000000010270,0.000000161701,0.000000068570
505,0.000000023833,0.000000010106,0.000000137482,0.000000058300
506,0.000000023455,0.000000009946,0.000000113649,0.000000048193
507,0.000000023085,0.000000009789,0.000000090194,0.000000038247
508,0.000000022722,0.000000009635,0.000000067110,0.000000028458
509,0.000000022367,0.000000009485,0.000000044387,0.000000018823
510,0.000000022020,0.000000009338,0.000000022020,0.000000009338
511,0.000000000000,0.000000000000,0.000000000000,0.000000000000
512,0.000000000000,0.000000000000,0.000000000000,0.000000000000
513,0.000000000000,0.000000000000,0.000000000000,0.000000000000
514,0.000000000000,0.000000000000,0.000000000000,0.000000000000
515,0.000000000000,0.000000000000,0.000000000000,0.000000000000
516,0.000000000000,0.000000000000,0.000000000000,0.000000000000
517,0.000000000000,0.000000000000,0.000000000000,0.000000000000
518,0.000000000000,0.000000000000,0.000000000000,0.000000000000
519,0.000000000000,0.000000000000,0.000000000000,0.000000000000
520,0.000000000000,0.000000000000,0.000000000000,0.000000000000
521,0.000000000000,0.000000000000,0.000000000000,0.000000000000
522,0.000000000000,0.000000000000,0.000000000000,0.000000000000
523,0.000000000000,0.000000000000,0.000000000000,0.000000000000
524,0.000000000000,0.000000000000,0.000000000000,0.000000000000
525,0.000000000000,0.000000000000,0.000000000000,0.000000000000
526,0.000000000000,0.000000000000,0.000000000000,0.000000000000
527,0.000000000000,0.000000000000,0.000000000000,0.000000000000
528,0.000000000000,0.000000000000,0.000000000000,0.000000000000
529,0.000000000000,0.000000000000,0.000000000000,0.000000000000
530,0.000000000000,0.000000000000,0.000000000000,0.000000000000
531,0.000000000000,0.000000000000,0.000000000000,0.000000000000
532,0.000000000000,0.000000000000,0.000000000000,0.000000000000
533,0.000000000000,0.000000000000,0.000000000000,0.000000000000
534,0.000000000000,0.000000000000,0.000000000000,0.000000000000
535,0.000000000000,0.000000000000,0.000000000000,0.000000000000
536,0.000000000000,0.000000000000,0.000000000000,0.000000000000
537,0.000000000000,0.000000000000,0.000000000000,0.000000000000
538,0.000000000000,0.000000000000,0.000000000000,0.000000000000
539,0.000000000000,0.000000000000,0.000000000000,0.000000000000
540,0.000000000000,0.000000000000,0.000000000000,0.000000000000
541,0.000000000000,0.000000000000,0.000000000000,0.000000000000
542,0.000000000000,0.000000000000,0.000000000000,0.000000000000
543,0.000000000000,0.000000000000,0.000000000000,0.000000000000
544,0.000000000000,0.000000000000,0.000000000000,0.000000000000
545,0.000000000000,0.000000000000,0.000000000000,0.000000000000
546,0.000000000000,0.000000000000,0.000000000000,0.000000000000
547,0.000000000000,0.000000000000,0.000000000000,0.000000000000
548,0.000000000000,0.000000000000,0.000000000000,0.000000000000
549,0.000000000000,0.000000000000,0.000000000000,0.000000000000
550,0.000000000000,0.000000000000,0.000000000000,0.000000000000
551,0.000000000000,0.000000000000,0.000000000000,0.000000000000
552,0.000000000000,0.000000000000,0.000000000000,0.000000000000
553,0.000000000000,0.000000000000,0.000000000000,0.000000000000
554,0.000000000000,0.000000000000,0.000000000000,0.000000000000
555,0.000000000000,0.000000000000,0.000000000000,0.000000000000
556,0.000000000000,0.000000000000,0.000000000000,0.000000000000
557,0.000000000000,0.000000000000,0.000000000000,0.000000000000
558,0.000000000000,0.000000000000,0.000000000000,0.000000000000
559,0.000000000000,0.000000000000,0.000000000000,0.000000000000
560,0.000000000000,0.000000000000,0.000000000000,0.000000000000
561,0.000000000000,0.000000000000,0.000000000000,0.000000000000
562,0.000000000000,0.000000000000,0.000000000000,0.000000000000
563,0.000000000000,0.000000000000,0.000000000000,0.000000000000
564,0.000000000000,0.000000000000,0.000000000000,0.000000000000
565,0.000000000000,0.000000000000,0.000000000000,0.000000000000
566,0.000000000000,0.000000000000,0.000000000000,0.000000000000
567,0.000000000000,0.000000000000,0.000000000000,0.000000000000
568,0.000000000000,0.000000000000,0.000000000000,0.000000000000
569,0.000000000000,0.000000000000,0.000000000000,0.000000000000
570,0.000000000000,0.000000000000,0.000000000000,0.000000000000
571,0.000000000000,0.000000000000,0.000000000000,0.000000000000
572,0.000000000000,0.000000000000,0.000000000000,0.000000000000
573,0.000000000000,0.000000000000,0.000000000000,0.000000000000
574,0.000000000000,0.000000000000,0.000000000000,0.000000000000
575,0.000000000000,0.000000000000,0.000000000000,0.000000000000
576,0.000000000000,0.000000000000,0.000000000000,0.000000000000
577,0.000000000000,0.000000000000,0.000000000000,0.000000000000
578,0.000000000000,0.000000000000,0.000000000000,0.000000000000
579,0.000000000000,0.000000000000,0.000000000000,0.000000000000
580,0.000000000000,0.000000000000,0.000000000000,0.000000000000
581,0.000000000000,0.000000000000,0.000000000000,0.000000000000
582,0.000000000000,0.000000000000,0.000000000000,0.000000000000
583,0.000000000000,0.000000000000,0.000000000000,0.000000000000
584,0.000000000000,0.000000000000,0.000000000000,0.000000000000
585,0.000000000000,0.000000000000,0.000000000000,0.000000000000
586,0.000000000000,0.000000000000,0.000000000000,0.000000000000
587,0.000000000000,0.000000000000,0.000000000000,0.000000000000
588,0.000000000000,0.000000000000,0.000000000000,0.000000000000
589,0.000000000000,0.000000000000,0.000000000000,0.000000000000
590,0.000000000000,0.000000000000,0.000000000000,0.000000000000
591,0.000000000000,0.000000000000,0.000000000000,0.000000000000
592,0.000000000000,0.000000000000,0.000000000000,0.000000000000
593,0.000000000000,0.000000000000,0.000000000000,0.000000000000
594,0.000000000000,0.000000000000,0.000000000000,0.000000000000
595,0.000000000000,0.000000000000,0.000000000000,0.000000000000
596,0.000000000000,0.000000000000,0.000000000000,0.000000000000
597,0.000000000000,0.000000000000,0.000000000000,0.000000000000
598,0.000000000000,0.000000000000,0.000000000000,0.000000000000
599,0.000000000000,0.000000000000,0.000000000000,0.000000000000
600,0.000000000000,0.000000000000,0.000000000000,0.000000000000
601,0.000000000000,0.000000000000,0.000000000000,0.000000000000
602,0.000000000000,0.000000000000,0.000000000000,0.000000000000
603,0.000000000000,0.000000000000,0.000000000000,0.000000000000
604,0.000000000000,0.000000000000,0.000000000000,0.000000000000
605,0.000000000000,0.000000000000,0.000000000000,0.000000000000
606,0.000000000000,0.000000000000,0.000000000000,0.000000000000
607,0.000000000000,0.000000000000,0.000000000000,0.000000000000
608,0.000000000000,0.000000000000,0.000000000000,0.000000000000
609,0.000000000000,0.000000000000,0.000000000000,0.000000000000
610,0.000000000000,0.000000000000,0.000000000000,0.000000000000
611,0.000000000000,0.000000000000,0.000000000000,0.000000000000
612,0.000000000000,0.000000000000,0.000000000000,0.000000000000
613,0.000000000000,0.000000000000,0.000000000000,0.000000000000
614,0.000000000000,0.000000000000,0.000000000000,0.000000000000
615,0.000000000000,0.000000000000,0.000000000000,0.000000000000
616,0.000000000000,0.000000000000,0.000000000000,0.000000000000
617,0.000000000000,0.000000000000,0.000000000000,0.000000000000
618,0.000000000000,0.000000000000,0.000000000000,0.000000000000
619,0.000000000000,0.000000000000,0.000000000000,0.000000000000
620,0.000000000000,0.000000000000,0.000000000000,0.000000000000
621,0.000000000000,0.000000000000,0.000000000000,0.000000000000
622,0.000000000000,0.000000000000,0.000000000000,0.000000000000
623,0.000000000000,0.000000000000,0.000000000000,0.000000000000
624,0.000000000000,0.000000000000,0.000000000000,0.000000000000
625,0.000000000000,0.000000000000,0.000000000000,0.000000000000
626,0.000000000000,0.000000000000,0.000000000000,0.000000000000
627,0.000000000000,0.000000000000,0.000000000000,0.000000000000
628,0.000000000000,0.000000000000,0.000000000000,0.000000000000
629,0.000000000000,0.000000000000,0.000000000000,0.000000000000
630,0.000000000000,0.000000000000,0.000000000000,0.000000000000
631,0.000000000000,0.000000000000,0.000000000000,0.000000000000
632,0.000000000000,0.000000000000,0.000000000000,0.000000000000
633,0.000000000000,0.000000000000,0.000000000000,0.000000000000
634,0.000000000000,0.000000000000,0.000000000000,0.000000000000
635,0.000000000000,0.000000000000,0.000000000000,0.000000000000
636,0.000000000000,0.000000000000,0.000000000000,0.000000000000
637,0.000000000000,0.000000000000,0.000000000000,0.000000000000
638,0.000000000000,0.000000000000,0.000000000000,0.000000000000
639,0.000000000000,0.000000000000,0.000000000000,0.000000000000
640,0.000000000000,0.000000000000,0.000000000000,0.000000000000
641,0.000000000000,0.000000000000,0.000000000000,0.000000000000
642,0.000000000000,0.000000000000,0.000000000000,0.000000000000
643,0.000000000000,0.000000000000,0.000000000000,0.000000000000
644,0.000000000000,0.000000000000,0.000000000000,0.000000000000
645,0.000000000000,0.000000000000,0.000000000000,0.000000000000
646,0.000000000000,0.000000000000,0.000000000000,0.000000000000
647,0.000000000000,0.000000000000,0.000000000000,0.000000000000
648,0.000000000000,0.000000000000,0.000000000000,0.000000000000
649,0.000000000000,0.000000000000,0.000000000000,0.000000000000
650,0.000000000000,0.000000000000,0.000000000000,0.000000000000
651,0.000000000000,0.000000000000,0.000000000000,0.000000000000
652,0.000000000000,0.000000000000,0.000000000000,0.000000000000
653,0.000000000000,0.000000000000,0.000000000000,0.000000000000
654,0.000000000000,0.000000000000,0.000000000000,0.000000000000
655,0.000000000000,0.000000000000,0.000000000000,0.000000000000
656,0.000000000000,0.000000000000,0.000000000000,0.000000000000
657,0.000000000000,0.000000000000,0.000000000000,0.000000000000
658,0.000000000000,0.000000000000,0.000000000000,0.000000000000
659,0.000000000000,0.000000000000,0.000000000000,0.000000000000
660,0.000000000000,0.000000000000,0.000000000000,0.000000000000
661,0.000000000000,0.000000000000,0.000000000000,0.000000000000
662,0.000000000000,0.000000000000,0.000000000000,0.000000000000
663,0.000000000000,0.000000000000,0.000000000000,0.000000000000
664,0.000000000000,0.000000000000,0.000000000000,0.000000000000
665,0.000000000000,0.000000000000,0.000000000000,0.000000000000
666,0.000000000000,0.000000000000,0.000000000000,0.000000000000
667,0.000000000000,0.000000000000,0.000000000000,0.000000000000
668,0.000000000000,0.000000000000,0.000000000000,0.000000000000
669,0.000000000000,0.000000000000,0.000000000000,0.000000000000
670,0.000000000000,0.000000000000,0.000000000000,0.000000000000
671,0.000000000000,0.000000000000,0.000000000000,0.000000000000
672,0.000000000000,0.000000000000,0.000000000000,0.000000000000
673,0.000000000000,0.000000000000,0.000000000000,0.000000000000
674,0.000000000000,0.000000000000,0.000000000000,0.000000000000
675,0.000000000000,0.000000000000,0.000000000000,0.000000000000
676,0.000000000000,0.000000000000,0.000000000000,0.000000000000
677,0.000000000000,0.000000000000,0.000000000000,0.000000000000
678,0.000000000000,0.000000000000,0.000000000000,0.000000000000
679,0.000000000000,0.000000000000,0.000000000000,0.000000000000
680,0.000000000000,0.000000000000,0.000000000000,0.000000000000
681,0.000000000000,0.000000000000,0.000000000000,0.000000000000
682,0.000000000000,0.000000000000,0.000000000000,0.000000000000
683,0.000000000000,0.000000000000,0.000000000000,0.000000000000
684,0.000000000000,0.000000000000,0.000000000000,0.000000000000
685,0.000000000000,0.000000000000,0.000000000000,0.000000000000
686,0.000000000000,0.000000000000,0.000000000000,0.000000000000
687,0.000000000000,0.000000000000,0.000000000000,0.000000000000
688,0.000000000000,0.000000000000,0.000000000000,0.000000000000
689,0.000000000000,0.000000000000,0.000000000000,0.000000000000
690,0.000000000000,0.000000000000,0.000000000000,0.000000000000
691,0.000000000000,0.000000000000,0.000000000000,0.000000000000
692,0.000000000000,0.000000000000,0.000000000000,0.000000000000
693,0.000000000000,0.000000000000,0.000000000000,0.000000000000
694,0.000000000000,0.000000000000,0.000000000000,0.000000000000
695,0.000000000000,0.000000000000,0.000000000000,0.000000000000
696,0.000000000000,0.000000000000,0.000000000000,0.000000000000
697,0.000000000000,0.000000000000,0.000000000000,0.000000000000
698,0.000000000000,0.000000000000,0.000000000000,0.000000000000
699,0.000000000000,0.000000000000,0.000000000000,0.000000000000
700,0.000000000000,0.000000000000,0.000000000000,0.000000000000
701,0.000000000000,0.000000000000,0.000000000000,0.000000000000
702,0.000000000000,0.000000000000,0.000000000000,0.000000000000
703,0.000000000000,0.000000000000,0.000000000000,0.000000000000
704,0.000000000000,0.000000000000,0.000000000000,0.000000000000
705,0.000000000000,0.000000000000,0.000000000000,0.000000000000
706,0.000000000000,0.000000000000,0.000000000000,0.000000000000
707,0.000000000000,0.000000000000,0.000000000000,0.000000000000
708,0.000000000000,0.000000000000,0.000000000000,0.000000000000
709,0.000000000000,0.000000000000,0.000000000000,0.000000000000
710,0.000000000000,0.000000000000,0.000000000000,0.000000000000
711,0.000000000000,0.000000000000,0.000000000000,0.000000000000
712,0.000000000000,0.000000000000,0.000000000000,0.000000000000
713,0.000000000000,0.000000000000,0.000000000000,0.000000000000
714,0.000000000000,0.000000000000,0.000000000000,0.000000000000
715,0.000000000000,0.000000000000,0.000000000000,0.000000000000
716,0.000000000000,0.000000000000,0.000000000000,0.000000000000
717,0.000000000000,0.000000000000,0.000000000000,0.000000000000
718,0.000000000000,0.000000000000,0.000000000000,0.000000000000
719,0.000000000000,0.000000000000,0.000000000000,0.000000000000
720,0.000000000000,0.000000000000,0.000000000000,0.000000000000
721,0.000000000000,0.000000000000,0.000000000000,0.000000000000
722,0.000000000000,0.000000000000,0.000000000000,0.000000000000
723,0.000000000000,0.000000000000,0.000000000000,0.000000000000
724,0.000000000000,0.000000000000,0.000000000000,0.000000000000
725,0.000000000000,0.000000000000,0.000000000000,0.000000000000
726,0.000000000000,0.000000000000,0.000000000000,0.000000000000
727,0.000000000000,0.000000000000,0.000000000000,0.000000000000
728,0.000000000000,0.000000000000,0.000000000000,0.000000000000
729,0.000000000000,0.000000000000,0.000000000000,0.000000000000
730,0.000000000000,0.000000000000,0.000000000000,0.000000000000
731,0.000000000000,0.000000000000,0.000000000000,0.000000000000
732,0.000000000000,0.000000000000,0.000000000000,0.000000000000
733,0.000000000000,0.000000000000,0.000000000000,0.000000000000
734,0.000000000000,0.000000000000,0.000000000000,0.000000000000
735,0.000000000000,0.000000000000,0.000000000000,0.000000000000
736,0.000000000000,0.000000000000,0.000000000000,0.000000000000
737,0.000000000000,0.000000000000,0.000000000000,0.000000000000
738,0.000000000000,0.000000000000,0.000000000000,0.000000000000
739,0.000000000000,0.000000000000,0.000000000000,0.000000000000
740,0.000000000000,0.000000000000,0.000000000000,0.000000000000
741,0.000000000000,0.000000000000,0.000000000000,0.000000000000
742,0.000000000000,0.000000000000,0.000000000000,0.000000000000
743,0.000000000000,0.000000000000,0.000000000000,0.000000000000
744,0.000000000000,0.000000000000,0.000000000000,0.000000000000
745,0.000000000000,0.000000000000,0.000000000000,0.000000000000
746,0.000000000000,0.000000000000,0.000000000000,0.000000000000
747,0.000000000000,0.000000000000,0.000000000000,0.000000000000
748,0.000000000000,0.000000000000,0.000000000000,0.000000000000
749,0.000000000000,0.000000000000,0.000000000000,0.000000000000
750,0.000000000000,0.000000000000,0.000000000000,0.000000000000
751,0.000000000000,0.000000000000,0.000000000000,0.000000000000
752,0.000000000000,0.000000000000,0.000000000000,0.000000000000
753,0.000000000000,0.000000000000,0.000000000000,0.000000000000
754,0.000000000000,0.000000000000,0.000000000000,0.000000000000
755,0.000000000000,0.000000000000,0.000000000000,0.000000000000
756,0.000000000000,0.000000000000,0.000000000000,0.000000000000
757,0.000000000000,0.000000000000,0.000000000000,0.000000000000
758,0.000000000000,0.000000000000,0.000000000000,0.000000000000
759,0.000000000000,0.000000000000,0.000000000000,0.000000000000
760,0.000000000000,0.000000000000,0.000000000000,0.000000000000
761,0.000000000000,0.000000000000,0.000000000000,0.000000000000
762,0.000000000000,0.000000000000,0.000000000000,0.000000000000
763,0.000000000000,0.000000000000,0.000000000000,0.000000000000
764,0.000000000000,0.000000000000,0.000000000000,0.000000000000
765,0.000000000000,0.000000000000,0.000000000000,0.000000000000
766,0.000000000000,0.000000000000,0.000000000000,0.000000000000
767,0.000000000000,0.000000000000,0.000000000000,0.000000000000
768,0.000000000000,0.000000000000,0.000000000000,0.000000000000
769,0.000000000000,0.000000000000,0.000000000000,0.000000000000
770,0.000000000000,0.000000000000,0.000000000000,0.000000000000
771,0.000000000000,0.000000000000,0.000000000000,0.000000000000
772,0.000000000000,0.000000000000,0.000000000000,0.000000000000
773,0.000000000000,0.000000000000,0.000000000000,0.000000000000
774,0.000000000000,0.000000000000,0.000000000000,0.000000000000
775,0.000000000000,0.000000000000,0.000000000000,0.000000000000
776,0.000000000000,0.000000000000,0.000000000000,0.000000000000
777,0.000000000000,0.000000000000,0.000000000000,0.000000000000
778,0.000000000000,0.000000000000,0.000000000000,0.000000000000
779,0.000000000000,0.000000000000,0.000000000000,0.000000000000
780,0.000000000000,0.000000000000,0.000000000000,0.000000000000
781,0.000000000000,0.000000000000,0.000000000000,0.000000000000
782,0.000000000000,0.000000000000,0.000000000000,0.000000000000
783,0.000000000000,0.000000000000,0.000000000000,0.000000000000
784,0.000000000000,0.000000000000,0.000000000000,0.000000000000
785,0.000000000000,0.000000000000,0.000000000000,0.000000000000
786,0.000000000000,0.000000000000,0.000000000000,0.000000000000
787,0.000000000000,0.000000000000,0.000000000000,0.000000000000
788,0.000000000000,0.000000000000,0.000000000000,0.000000000000
789,0.000000000000,0.000000000000,0.000000000000,0.000000000000
790,0.000000000000,0.000000000000,0.000000000000,0.000000000000
791,0.000000000000,0.000000000000,0.000000000000,0.000000000000
792,0.000000000000,0.000000000000,0.000000000000,0.000000000000
793,0.000000000000,0.000000000000,0.000000000000,0.000000000000
794,0.000000000000,0.000000000000,0.000000000000,0.000000000000
795,0.000000000000,0.000000000000,0.000000000000,0.000000000000
796,0.000000000000,0.000000000000,0.000000000000,0.000000000000
797,0.000000000000,0.000000000000,0.000000000000,0.000000000000
798,0.000000000000,0.000000000000,0.000000000000,0.000000000000
799,0.000000000000,0.000000000000,0.000000000000,0.000000000000
800,0.000000000000,0.000000000000,0.000000000000,0.000000000000
801,0.000000000000,0.000000000000,0.000000000000,0.000000000000
802,0.000000000000,0.000000000000,0.000000000000,0.000000000000
803,0.000000000000,0.000000000000,0.000000000000,0.000000000000
804,0.000000000000,0.000000000000,0.000000000000,0.000000000000
805,0.000000000000,0.000000000000,0.000000000000,0.000000000000
806,0.000000000000,0.000000000000,0.000000000000,0.000000000000
807,0.000000000000,0.000000000000,0.000000000000,0.000000000000
808,0.000000000000,0.000000000000,0.000000000000,0.000000000000
809,0.000000000000,0.000000000000,0.000000000000,0.000000000000
810,0.000000000000,0.000000000000,0.000000000000,0.000000000000
811,0.000000000000,0.000000000000,0.000000000000,0.000000000000
812,0.000000000000,0.000000000000,0.000000000000,0.000000000000
813,0.000000000000,0.000000000000,0.000000000000,0.000000000000
814,0.000000000000,0.000000000000,0.000000000000,0.000000000000
815,0.000000000000,0.000000000000,0.000000000000,0.000000000000
816,0.000000000000,0.000000000000,0.000000000000,0.000000000000
817,0.000000000000,0.000000000000,0.000000000000,0.000000000000
818,0.000000000000,0.000000000000,0.000000000000,0.000000000000
819,0.000000000000,0.000000000000,0.000000000000,0.000000000000
820,0.000000000000,0.000000000000,0.000000000000,0.000000000000
821,0.000000000000,0.000000000000,0.000000000000,0.000000000000
822,0.000000000000,0.000000000000,0.000000000000,0.000000000000
823,0.000000000000,0.000000000000,0.000000000000,0.000000000000
824,0.000000000000,0.000000000000,0.000000000000,0.000000000000
825,0.000000000000,0.000000000000,0.000000000000,0.000000000000
826,0.000000000000,0.000000000000,0.000000000000,0.000000000000
827,0.000000000000,0.000000000000,0.000000000000,0.000000000000
828,0.000000000000,0.000000000000,0.000000000000,0.000000000000
829,0.000000000000,0.000000000000,0.000000000000,0.000000000000
830,0.000000000000,0.000000000000,0.000000000000,0.000000000000
831,0.000000000000,0.000000000000,0.000000000000,0.000000000000
832,0.000000000000,0.000000000000,0.000000000000,0.000000000000
833,0.000000000000,0.000000000000,0.000000000000,0.000000000000
834,0.000000000000,0.000000000000,0.000000000000,0.000000000000
835,0.000000000000,0.000000000000,0.000000000000,0.000000000000
836,0.000000000000,0.000000000000,0.000000000000,0.000000000000
837,0.000000000000,0.000000000000,0.000000000000,0.000000000000
838,0.000000000000,0.000000000000,0.000000000000,0.000000000000
839,0.000000000000,0.000000000000,0.000000000000,0.000000000000
840,0.000000000000,0.000000000000,0.000000000000,0.000000000000
841,0.000000000000,0.000000000000,0.000000000000,0.000000000000
842,0.000000000000,0.000000000000,0.000000000000,0.000000000000
843,0.000000000000,0.000000000000,0.000000000000,0.000000000000
844,0.000000000000,0.000000000000,0.000000000000,0.000000000000
845,0.000000000000,0.000000000000,0.000000000000,0.000000000000
846,0.000000000000,0.000000000000,0.000000000000,0.000000000000
847,0.000000000000,0.000000000000,0.000000000000,0.000000000000
848,0.000000000000,0.000000000000,0.000000000000,0.000000000000
849,0.000000000000,0.000000000000,0.000000000000,0.000000000000
850,0.000000000000,0.000000000000,0.000000000000,0.000000000000
851,0.000000000000,0.000000000000,0.000000000000,0.000000000000
852,0.000000000000,0.000000000000,0.000000000000,0.000000000000
853,0.000000000000,0.000000000000,0.000000000000,0.000000000000
854,0.000000000000,0.000000000000,0.000000000000,0.000000000000
855,0.000000000000,0.000000000000,0.000000000000,0.000000000000
856,0.000000000000,0.000000000000,0.000000000000,0.000000000000
857,0.000000000000,0.000000000000,0.000000000000,0.000000000000
858,0.000000000000,0.000000000000,0.000000000000,0.000000000000
859,0.000000000000,0.000000000000,0.000000000000,0.000000000000
860,0.000000000000,0.000000000000,0.000000000000,0.000000000000
861,0.000000000000,0.000000000000,0.000000000000,0.000000000000
862,0.000000000000,0.000000000000,0.000000000000,0.000000000000
863,0.000000000000,0.000000000000,0.000000000000,0.000000000000
864,0.000000000000,0.000000000000,0.000000000000,0.000000000000
865,0.000000000000,0.000000000000,0.000000000000,0.000000000000
866,0.000000000000,0.000000000000,0.000000000000,0.000000000000
867,0.000000000000,0.000000000000,0.000000000000,0.000000000000
868,0.000000000000,0.000000000000,0.000000000000,0.000000000000
869,0.000000000000,0.000000000000,0.000000000000,0.000000000000
870,0.000000000000,0.000000000000,0.000000000000,0.000000000000
871,0.000000000000,0.000000000000,0.000000000000,0.000000000000
872,0.000000000000,0.000000000000,0.000000000000,0.000000000000
873,0.000000000000,0.000000000000,0.000000000000,0.000000000000
874,0.000000000000,0.000000000000,0.000000000000,0.000000000000
875,0.000000000000,0.000000000000,0.000000000000,0.000000000000
876,0.000000000000,0.000000000000,0.000000000000,0.000000000000
877,0.000000000000,0.000000000000,0.000000000000,0.000000000000
878,0.000000000000,0.000000000000,0.000000000000,0.000000000000
879,0.000000000000,0.000000000000,0.000000000000,0.000000000000
880,0.000000000000,0.000000000000,0.000000000000,0.000000000000
881,0.000000000000,0.000000000000,0.000000000000,0.000000000000
882,0.000000000000,0.000000000000,0.000000000000,0.000000000000
883,0.000000000000,0.000000000000,0.000000000000,0.000000000000
884,0.000000000000,0.000000000000,0.000000000000,0.000000000000
885,0.000000000000,0.000000000000,0.000000000000,0.000000000000
886,0.000000000000,0.000000000000,0.000000000000,0.000000000000
887,0.000000000000,0.000000000000,0.000000000000,0.000000000000
888,0.000000000000,0.000000000000,0.000000000000,0.000000000000
889,0.000000000000,0.000000000000,0.000000000000,0.000000000000
890,0.000000000000,0.000000000000,0.000000000000,0.000000000000
891,0.000000000000,0.000000000000,0.000000000000,0.000000000000
892,0.000000000000,0.000000000000,0.000000000000,0.000000000000
893,0.000000000000,0.000000000000,0.000000000000,0.000000000000
894,0.000000000000,0.000000000000,0.000000000000,0.000000000000
895,0.000000000000,0.000000000000,0.000000000000,0.000000000000
896,0.000000000000,0.000000000000,0.000000000000,0.000000000000
897,0.000000000000,0.000000000000,0.000000000000,0.000000000000
898,0.000000000000,0.000000000000,0.000000000000,0.000000000000
899,0.000000000000,0.000000000000,0.000000000000,0.000000000000
900,0.000000000000,0.000000000000,0.000000000000,0.000000000000
901,0.000000000000,0.000000000000,0.000000000000,0.000000000000
902,0.000000000000,0.000000000000,0.000000000000,0.000000000000
903,0.000000000000,0.000000000000,0.000000000000,0.000000000000
904,0.000000000000,0.000000000000,0.000000000000,0.000000000000
905,0.000000000000,0.000000000000,0.000000000000,0.000000000000
906,0.000000000000,0.000000000000,0.000000000000,0.000000000000
907,0.000000000000,0.000000000000,0.000000000000,0.000000000000
908,0.000000000000,0.000000000000,0.000000000000,0.000000000000
909,0.000000000000,0.000000000000,0.000000000000,0.000000000000
910,0.000000000000,0.000000000000,0.000000000000,0.000000000000
911,0.000000000000,0.000000000000,0.000000000000,0.000000000000
912,0.000000000000,0.000000000000,0.000000000000,0.000000000000
913,0.000000000000,0.000000000000,0.000000000000,0.000000000000
914,0.000000000000,0.000000000000,0.000000000000,0.000000000000
915,0.000000000000,0.000000000000,0.000000000000,0.000000000000
916,0.000000000000,0.000000000000,0.000000000000,0.000000000000
917,0.000000000000,0.000000000000,0.000000000000,0.000000000000
918,0.000000000000,0.000000000000,0.000000000000,0.000000000000
919,0.000000000000,0.000000000000,0.000000000000,0.000000000000
920,0.000000000000,0.000000000000,0.000000000000,0.000000000000
921,0.000000000000,0.000000000000,0.000000000000,0.000000000000
922,0.000000000000,0.000000000000,0.000000000000,0.000000000000
923,0.000000000000,0.000000000000,0.000000000000,0.000000000000
924,0.000000000000,0.000000000000,0.000000000000,0.000000000000
925,0.000000000000,0.000000000000,0.000000000000,0.000000000000
926,0.000000000000,0.000000000000,0.000000000000,0.000000000000
927,0.000000000000,0.000000000000,0.000000000000,0.000000000000
928,0.000000000000,0.000000000000,0.000000000000,0.000000000000
929,0.000000000000,0.000000000000,0.000000000000,0.000000000000
930,0.000000000000,0.000000000000,0.000000000000,0.000000000000
931,0.000000000000,0.000000000000,0.000000000000,0.000000000000
932,0.000000000000,0.000000000000,0.000000000000,0.000000000000
933,0.000000000000,0.000000000000,0.000000000000,0.000000000000
934,0.000000000000,0.000000000000,0.000000000000,0.000000000000
935,0.000000000000,0.000000000000,0.000000000000,0.000000000000
936,0.000000000000,0.000000000000,0.000000000000,0.000000000000
937,0.000000000000,0.000000000000,0.000000000000,0.000000000000
938,0.000000000000,0.000000000000,0.000000000000,0.000000000000
939,0.000000000000,0.000000000000,0.000000000000,0.000000000000
940,0.000000000000,0.000000000000,0.000000000000,0.000000000000
941,0.000000000000,0.000000000000,0.000000000000,0.000000000000
942,0.000000000000,0.000000000000,0.000000000000,0.000000000000
943,0.000000000000,0.000000000000,0.000000000000,0.000000000000
944,0.000000000000,0.000000000000,0.000000000000,0.000000000000
945,0.000000000000,0.000000000000,0.000000000000,0.000000000000
946,0.000000000000,0.000000000000,0.000000000000,0.000000000000
947,0.000000000000,0.000000000000,0.000000000000,0.000000000000
948,0.000000000000,0.000000000000,0.000000000000,0.000000000000
949,0.000000000000,0.000000000000,0.000000000000,0.000000000000
950,0.000000000000,0.000000000000,0.000000000000,0.000000000000
951,0.000000000000,0.000000000000,0.000000000000,0.000000000000
952,0.000000000000,0.000000000000,0.000000000000,0.000000000000
953,0.000000000000,0.000000000000,0.000000000000,0.000000000000
954,0.000000000000,0.000000000000,0.000000000000,0.000000000000
955,0.000000000000,0.000000000000,0.000000000000,0.000000000000
956,0.000000000000,0.000000000000,0.000000000000,0.000000000000
957,0.000000000000,0.000000000000,0.000000000000,0.000000000000
958,0.000000000000,0.000000000000,0.000000000000,0.000000000000
959,0.000000000000,0.000000000000,0.000000000000,0.000000000000
960,0.000000000000,0.000000000000,0.000000000000,0.000000000000
961,0.000000000000,0.000000000000,0.000000000000,0.000000000000
962,0.000000000000,0.000000000000,0.000000000000,0.000000000000
963,0.000000000000,0.000000000000,0.000000000000,0.000000000000
964,0.000000000000,0.000000000000,0.000000000000,0.000000000000
965,0.000000000000,0.000000000000,0.000000000000,0.000000000000
966,0.000000000000,0.000000000000,0.000000000000,0.000000000000
967,0.000000000000,0.000000000000,0.000000000000,0.000000000000
968,0.000000000000,0.000000000000,0.000000000000,0.000000000000
969,0.000000000000,0.000000000000,0.000000000000,0.000000000000
970,0.000000000000,0.000000000000,0.000000000000,0.000000000000
971,0.000000000000,0.000000000000,0.000000000000,0.000000000000
972,0.000000000000,0.000000000000,0.000000000000,0.000000000000
973,0.000000000000,0.000000000000,0.000000000000,0.000000000000
974,0.000000000000,0.000000000000,0.000000000000,0.000000000000
975,0.000000000000,0.000000000000,0.000000000000,0.000000000000
976,0.000000000000,0.000000000000,0.000000000000,0.000000000000
977,0.000000000000,0.000000000000,0.000000000000,0.000000000000
978,0.000000000000,0.000000000000,0.000000000000,0.000000000000
979,0.000000000000,0.000000000000,0.000000000000,0.000000000000
980,0.000000000000,0.000000000000,0.000000000000,0.000000000000
981,0.000000000000,0.000000000000,0.000000000000,0.000000000000
982,0.000000000000,0.000000000000,0.000000000000,0.000000000000
983,0.000000000000,0.000000000000,0.000000000000,0.000000000000
984,0.000000000000,0.000000000000,0.000000000000,0.000000000000
985,0.000000000000,0.000000000000,0.000000000000,0.000000000000
986,0.000000000000,0.000000000000,0.000000000000,0.000000000000
987,0.000000000000,0.000000000000,0.000000000000,0.000000000000
988,0.000000000000,0.000000000000,0.000000000000,0.000000000000
989,0.000000000000,0.000000000000,0.000000000000,0.000000000000
990,0.000000000000,0.000000000000,0.000000000000,0.000000000000
991,0.000000000000,0.000000000000,0.000000000000,0.000000000000
992,0.000000000000,0.000000000000,0.000000000000,0.000000000000
993,0.000000000000,0.000000000000,0.000000000000,0.000000000000
994,0.000000000000,0.000000000000,0.000000000000,0.000000000000
995,0.000000000000,0.000000000000,0.000000000000,0.000000000000
996,0.000000000000,0.000000000000,0.000000000000,0.000000000000
997,0.000000000000,0.000000000000,0.000000000000,0.000000000000
998,0.000000000000,0.000000000000,0.000000000000,0.000000000000
999,0.000000000000,0.000000000000,0.000000000000,0.000000000000
1000,0.000000000000,0.000000000000,0.000000000000,0.000000000000
