RW,Z
0.0008033207744270,9823.2260798373281432
0.0008040741787676
0.0008047981034199
0.0008054868247951
0.0008061372646265
0.0008067479492165
0.0008073184503230
0.0008078490391563
0.0008083404557046
0.0008087937479504
0.0008092101562879
0.0008095910293052
0.0008099377611857
0.0008102517452442
0.0008105343390924
0.0008107868384645
0.0008110104577670
0.0008112063154731
0.0008113754233181
0.0008115186783718
0.0008116368572450
0.0008117306119296
0.0008118004668562
0.0008118468168401
0.0008118699257770
0.0008118699257770
0.0008118468168401
0.0008118004668561
0.0008117306119296
0.0008116368572450
0.0008115186783718
0.0008113754233181
0.0008112063154731
0.0008110104577670
0.0008107868384645
0.0008105343390924
0.0008102517452442
0.0008099377611857
0.0008095910293052
0.0008092101562879
0.0008087937479504
0.0008083404557046
0.0008078490391563
0.0008073184503230
0.0008067479492165
0.0008061372646265
0.0008054868247951
0.0008047981034199
0.0008040741787676
0.0008033207744270
0.0008040741787676
0.0008048894070826
0.0008056697240700
0.0008064093195731
0.0008071054803600
0.0008077571776059
0.0008083644217627
0.0008089278929153
0.0008094487036497
0.0008099282378862
0.0008103680371049
0.0008107697185105
0.0008111349152138
0.0008114652322562
0.0008117622142128
0.0008120273212822
0.0008122619116425
0.0008124672286616
0.0008126443916167
0.0008127943889871
0.0008129180737859
0.0008130161603392
0.0008130892220478
0.0008131376899859
0.0008131618519400
0.0008131618519400
0.0008131376899859
0.0008130892220478
0.0008130161603392
0.0008129180737859
0.0008127943889871
0.0008126443916167
0.0008124672286616
0.0008122619116425
0.0008120273212822
0.0008117622142128
0.0008114652322562
0.0008111349152138
0.0008107697185105
0.0008103680371049
0.0008099282378862
0.0008094487036497
0.0008089278929153
0.0008083644217627
0.0008077571776059
0.0008071054803600
0.0008064093195731
0.0008056697240700
0.0008048894070826
0.0008040741787676
0.0008047981034199
0.0008056697240699
0.0008065027119441
0.0008072905577241
0.0008080304995548
0.0008087217184853
0.0008093645260122
0.0008099599254842
0.0008105093461436
0.0008110144695690
0.0008114771111193
0.0008118991367489
0.0008122824035442
0.0008126287168827
0.0008129397994590
0.0008132172688601
0.0008134626215459
0.0008136772213585
0.0008138622915018
0.0008140189090151
0.0008141480010466
0.0008142503424851
0.0008143265543738
0.0008143771030361
0.0008144022995524
0.0008144022995524
0.0008143771030361
0.0008143265543738
0.0008142503424851
0.0008141480010466
0.0008140189090151
0.0008138622915018
0.0008136772213585
0.0008134626215459
0.0008132172688601
0.0008129397994590
0.0008126287168827
0.0008122824035442
0.0008118991367489
0.0008114771111193
0.0008110144695690
0.0008105093461436
0.0008099599254842
0.0008093645260122
0.0008087217184853
0.0008080304995548
0.0008072905577241
0.0008065027119441
0.0008056697240699
0.0008047981034199
0.0008054868247951
0.0008064093195731
0.0008072905577241
0.0008081232464846
0.0008089043367580
0.0008096330137155
0.0008103097406236
0.0008109357395388
0.0008115126825986
0.0008120424961045
0.0008125272305309
0.0008129689716478
0.0008133697786011
0.0008137316401295
0.0008140564438722
0.0008143459544060
0.0008146017981868
0.0008148254528936
0.0008150182404093
0.0008151813221361
0.0008153156960511
0.0008154221949547
0.0008155014855856
0.0008155540681183
0.0008155802760114
0.0008155802760114
0.0008155540681184
0.0008155014855856
0.0008154221949547
0.0008153156960511
0.0008151813221361
0.0008150182404093
0.0008148254528936
0.0008146017981872
0.0008143459544060
0.0008140564438722
0.0008137316401295
0.0008133697786011
0.0008129689716478
0.0008125272305309
0.0008120424961045
0.0008115126825986
0.0008109357395388
0.0008103097406236
0.0008096330137155
0.0008089043367579
0.0008081232464846
0.0008072905577241
0.0008064093195731
0.0008054868247951
0.0008061372646265
0.0008071054803600
0.0008080304995548
0.0008089043367580
0.0008097235775406
0.0008104872863016
0.0008111959605649
0.0008118509450999
0.0008124540802286
0.0008130074797171
0.0008135133852530
0.0008139740686151
0.0008143917645689
0.0008147686246531
0.0008151066850531
0.0008154078444097
0.0008156738487741
0.0008159062813836
0.0008161065560887
0.0008162759133283
0.0008164154176480
0.0008165259565101
0.0008166082398277
0.0008166627998254
0.0008166899911816
0.0008166899911813
0.0008166627998254
0.0008166082398277
0.0008165259565100
0.0008164154176480
0.0008162759133283
0.0008161065560887
0.0008159062813836
0.0008156738487741
0.0008154078444097
0.0008151066850531
0.0008147686246531
0.0008143917645689
0.0008139740686151
0.0008135133852530
0.0008130074797171
0.0008124540802286
0.0008118509450999
0.0008111959605649
0.0008104872863016
0.0008097235775406
0.0008089043367580
0.0008080304995548
0.0008071054803600
0.0008061372646265
0.0008067479492165
0.0008077571776059
0.0008087217184853
0.0008096330137155
0.0008104872863016
0.0008112834222957
0.0008120218770347
0.0008127040436482
0.0008133318659314
0.0008139075915044
0.0008144336098198
0.0008149123436333
0.0008153461754436
0.0008157373970582
0.0008160881751166
0.0008164005277769
0.0008166763088400
0.0008169171975576
0.0008171246921143
0.0008173001057385
0.0008174445646391
0.0008175590071129
0.0008176441832844
0.0008177006553104
0.0008177287977459
0.0008177287977459
0.0008177006553104
0.0008176441832844
0.0008175590071129
0.0008174445646391
0.0008173001057385
0.0008171246921143
0.0008169171975576
0.0008166763088400
0.0008164005277769
0.0008160881751166
0.0008157373970582
0.0008153461754436
0.0008149123436333
0.0008144336098198
0.0008139075915044
0.0008133318659314
0.0008127040436482
0.0008120218770347
0.0008112834222957
0.0008104872863016
0.0008096330137155
0.0008087217184853
0.0008077571776059
0.0008067479492165
0.0008073184503230
0.0008083644217627
0.0008093645260122
0.0008103097406236
0.0008111959605650
0.0008120218770347
0.0008127878606917
0.0008134953017833
0.0008141461970824
0.0008147428825216
0.0008152878560339
0.0008157836584589
0.0008162327925393
0.0008166376676943
0.0008170005625238
0.0008173235992974
0.0008176087271348
0.0008178577110826
0.0008180721252699
0.0008182533490068
0.0008184025647750
0.0008185207574031
0.0008186087140287
0.0008186670244463
0.0008186960814922
0.0008186960814922
0.0008186670244463
0.0008186087140287
0.0008185207574031
0.0008184025647750
0.0008182533490068
0.0008180721252699
0.0008178577110826
0.0008176087271348
0.0008173235992973
0.0008170005625238
0.0008166376676943
0.0008162327925393
0.0008157836584589
0.0008152878560339
0.0008147428825216
0.0008141461970824
0.0008134953017833
0.0008127878606917
0.0008120218770347
0.0008111959605650
0.0008103097406236
0.0008093645260122
0.0008083644217627
0.0008073184503230
0.0008078490391563
0.0008089278929153
0.0008099599254842
0.0008109357395390
0.0008118509450999
0.0008127040436482
0.0008134953017833
0.0008142260747921
0.0008148983760014
0.0008155145936769
0.0008160773011831
0.0008165891280800
0.0008170526721638
0.0008174704390303
0.0008178448010667
0.0008181779696005
0.0008184719764267
0.0008187286619310
0.0008189496676043
0.0008191364318319
0.0008192901876918
0.0008194119620962
0.0008195025757748
0.0008195626436120
0.0008195925752213
0.0008195925752213
0.0008195626436120
0.0008195025757748
0.0008194119620962
0.0008192901876918
0.0008191364318319
0.0008189496676043
0.0008187286619310
0.0008184719764267
0.0008181779696005
0.0008178448010667
0.0008174704390303
0.0008170526721638
0.0008165891280800
0.0008160773011831
0.0008155145936769
0.0008148983760014
0.0008142260747921
0.0008134953017833
0.0008127040436482
0.0008118509450999
0.0008109357395390
0.0008099599254842
0.0008089278929153
0.0008078490391563
0.0008083404557046
0.0008094487036497
0.0008105093461436
0.0008115126825986
0.0008124540802286
0.0008133318659314
0.0008141461970824
0.0008148983760014
0.0008155904079788
0.0008162247066764
0.0008168038943804
0.0008173306647606
0.0008178076884002
0.0008182375476675
0.0008186226919095
0.0008189654071216
0.0008192677956184
0.0008195317628382
0.0008197590091629
0.0008199510249568
0.0008201090882448
0.0008202342634305
0.0008203274013702
0.0008203891395046
0.0008204199024815
0.0008204199024816
0.0008203891395046
0.0008203274013702
0.0008202342634305
0.0008201090882448
0.0008199510249568
0.0008197590091629
0.0008195317628382
0.0008192677956184
0.0008189654071216
0.0008186226919095
0.0008182375476675
0.0008178076884002
0.0008173306647606
0.0008168038943804
0.0008162247066764
0.0008155904079788
0.0008148983760014
0.0008141461970824
0.0008133318659314
0.0008124540802286
0.0008115126825986
0.0008105093461436
0.0008094487036497
0.0008083404557046
0.0008087937479504
0.0008099282378862
0.0008110144695690
0.0008120424961045
0.0008130074797171
0.0008139075915044
0.0008147428825216
0.0008155145936769
0.0008162247066764
0.0008168756414735
0.0008174700488542
0.0008180106665646
0.0008185002193566
0.0008189413492654
0.0008193365675417
0.0008196882216372
0.0008199984729911
0.0008202692824615
0.0008205024010442
0.0008206993643561
0.0008208614896364
0.0008209898744232
0.0008210853961421
0.0008211487122949
0.0008211802609222
0.0008211802609222
0.0008211487122949
0.0008210853961421
0.0008209898744232
0.0008208614896364
0.0008206993643561
0.0008205024010442
0.0008202692824615
0.0008199984729911
0.0008196882216372
0.0008193365675417
0.0008189413492654
0.0008185002193566
0.0008180106665646
0.0008174700488542
0.0008168756414735
0.0008162247066764
0.0008155145936769
0.0008147428825216
0.0008139075915044
0.0008130074797171
0.0008120424961045
0.0008110144695690
0.0008099282378862
0.0008087937479504
0.0008092101562879
0.0008103680371049
0.0008114771111193
0.0008125272305307
0.0008135133852530
0.0008144336098198
0.0008152878560339
0.0008160773011831
0.0008168038943804
0.0008174700488542
0.0008180784288290
0.0008186318004418
0.0008191329272326
0.0008195844965577
0.0008199890684139
0.0008203490399695
0.0008206666214711
0.0008209438201737
0.0008211824300699
0.0008213840255552
0.0008215499578038
0.0008216813531005
0.0008217791121455
0.0008218439100263
0.0008218761965733
0.0008218761965733
0.0008218439100261
0.0008217791121455
0.0008216813531005
0.0008215499578038
0.0008213840255552
0.0008211824300699
0.0008209438201737
0.0008206666214711
0.0008203490399695
0.0008199890684139
0.0008195844965577
0.0008191329272326
0.0008186318004418
0.0008180784288290
0.0008174700488542
0.0008168038943804
0.0008160773011831
0.0008152878560339
0.0008144336098198
0.0008135133852530
0.0008125272305307
0.0008114771111193
0.0008103680371049
0.0008092101562879
0.0008095910293052
0.0008107697185105
0.0008118991367489
0.0008129689716478
0.0008139740686151
0.0008149123436333
0.0008157836584589
0.0008165891280800
0.0008173306647606
0.0008180106665646
0.0008186318004418
0.0008191968489976
0.0008197086023170
0.0008201697811924
0.0008205829832216
0.0008209506450747
0.0008212750166617
0.0008215581435726
0.0008218018558136
0.0008220077605588
0.0008221772379964
0.0008223114390919
0.0008224112846328
0.0008224774649725
0.0008225104401648
0.0008225104401648
0.0008224774649725
0.0008224112846328
0.0008223114390919
0.0008221772379964
0.0008220077605588
0.0008218018558136
0.0008215581435726
0.0008212750166617
0.0008209506450747
0.0008205829832216
0.0008201697811924
0.0008197086023170
0.0008191968489976
0.0008186318004418
0.0008180106665646
0.0008173306647606
0.0008165891280800
0.0008157836584589
0.0008149123436333
0.0008139740686151
0.0008129689716478
0.0008118991367489
0.0008107697185105
0.0008095910293052
0.0008099377611857
0.0008111349152138
0.0008122824035442
0.0008133697786011
0.0008143917645689
0.0008153461754437
0.0008162327925393
0.0008170526721638
0.0008178076884002
0.0008185002193566
0.0008191329272326
0.0008197086023170
0.0008202300517421
0.0008207000202122
0.0008211211336224
0.0008214958595140
0.0008218264794586
0.0008221150703547
0.0008223634919074
0.0008225733787307
0.0008227461354265
0.0008228829339552
0.0008229847122600
0.0008230521737454
0.0008230857873095
0.0008230857873095
0.0008230521737454
0.0008229847122600
0.0008228829339552
0.0008227461354265
0.0008225733787307
0.0008223634919074
0.0008221150703547
0.0008218264794586
0.0008214958595140
0.0008211211336224
0.0008207000202122
0.0008202300517421
0.0008197086023170
0.0008191329272326
0.0008185002193566
0.0008178076884002
0.0008170526721638
0.0008162327925393
0.0008153461754437
0.0008143917645689
0.0008133697786011
0.0008122824035442
0.0008111349152138
0.0008099377611857
0.0008102517452442
0.0008114652322562
0.0008126287168827
0.0008137316401295
0.0008147686246531
0.0008157373970582
0.0008166376676943
0.0008174704390303
0.0008182375476675
0.0008189413492654
0.0008195844965576
0.0008201697811924
0.0008207000202126
0.0008211779746157
0.0008216062911634
0.0008219874609604
0.0008223237905622
0.0008226173819685
0.0008228701191489
0.0008230836593451
0.0008232594275292
0.0008233986132581
0.0008235021689665
0.0008235708091472
0.0008236050101670
0.0008236050101670
0.0008235708091472
0.0008235021689665
0.0008233986132581
0.0008232594275292
0.0008230836593451
0.0008228701191489
0.0008226173819685
0.0008223237905622
0.0008219874609604
0.0008216062911634
0.0008211779746157
0.0008207000202126
0.0008201697811924
0.0008195844965576
0.0008189413492654
0.0008182375476675
0.0008174704390303
0.0008166376676943
0.0008157373970582
0.0008147686246531
0.0008137316401295
0.0008126287168827
0.0008114652322562
0.0008102517452442
0.0008105343390924
0.0008117622142128
0.0008129397994590
0.0008140564438722
0.0008151066850531
0.0008160881751166
0.0008170005625238
0.0008178448010667
0.0008186226919095
0.0008193365675417
0.0008199890684139
0.0008205829832216
0.0008211211336225
0.0008216062911636
0.0008220411173811
0.0008224281211369
0.0008227696282884
0.0008230677607121
0.0008233244219402
0.0008235412876375
0.0008237197995761
0.0008238611619057
0.0008239663391518
0.0008240360550829
0.0008240707923888
0.0008240707923888
0.0008240360550829
0.0008239663391518
0.0008238611619057
0.0008237197995761
0.0008235412876375
0.0008233244219402
0.0008230677607120
0.0008227696282884
0.0008224281211369
0.0008220411173811
0.0008216062911636
0.0008211211336225
0.0008205829832216
0.0008199890684140
0.0008193365675417
0.0008186226919089
0.0008178448010667
0.0008170005625238
0.0008160881751166
0.0008151066850531
0.0008140564438722
0.0008129397994590
0.0008117622142128
0.0008105343390924
0.0008107868384645
0.0008120273212822
0.0008132172688601
0.0008143459544060
0.0008154078444097
0.0008164005277769
0.0008173235992973
0.0008181779696005
0.0008189654071216
0.0008196882216374
0.0008203490399695
0.0008209506450747
0.0008214958595140
0.0008219874609604
0.0008224281211369
0.0008228203618352
0.0008231665236610
0.0008234687440125
0.0008237289419096
0.0008239488079023
0.0008241297973936
0.0008242731265425
0.0008243797698404
0.0008244504587858
0.0008244856812598
0.0008244856812598
0.0008244504587858
0.0008243797698404
0.0008242731265425
0.0008241297973936
0.0008239488079023
0.0008237289419096
0.0008234687440125
0.0008231665236610
0.0008228203618352
0.0008224281211369
0.0008219874609604
0.0008214958595140
0.0008209506450747
0.0008203490399695
0.0008196882216374
0.0008189654071216
0.0008181779696005
0.0008173235992973
0.0008164005277769
0.0008154078444097
0.0008143459544060
0.0008132172688601
0.0008120273212822
0.0008107868384645
0.0008110104577670
0.0008122619116425
0.0008134626215459
0.0008146017981872
0.0008156738487741
0.0008166763088400
0.0008176087271348
0.0008184719764267
0.0008192677956184
0.0008199984729911
0.0008206666214711
0.0008212750166617
0.0008218264794581
0.0008223237905622
0.0008227696282884
0.0008231665236610
0.0008235168282897
0.0008238226914487
0.0008240860443706
0.0008243085894410
0.0008244917930036
0.0008246368809471
0.0008247448359100
0.0008248163957059
0.0008248520525080
0.0008248520525080
0.0008248163957059
0.0008247448359100
0.0008246368809471
0.0008244917930036
0.0008243085894410
0.0008240860443706
0.0008238226914487
0.0008235168282897
0.0008231665236610
0.0008227696282884
0.0008223237905622
0.0008218264794581
0.0008212750166617
0.0008206666214711
0.0008199984729911
0.0008192677956184
0.0008184719764267
0.0008176087271348
0.0008166763088400
0.0008156738487741
0.0008146017981872
0.0008134626215459
0.0008122619116425
0.0008110104577670
0.0008112063154731
0.0008124672286616
0.0008136772213585
0.0008148254528936
0.0008159062813836
0.0008169171975576
0.0008178577110826
0.0008187286619310
0.0008195317628382
0.0008202692824615
0.0008209438201737
0.0008215581435726
0.0008221150703547
0.0008226173819685
0.0008230677607120
0.0008234687440125
0.0008238226914484
0.0008241317613685
0.0008243978943956
0.0008246228021861
0.0008248079598025
0.0008249546009304
0.0008250637147462
0.0008251360441786
0.0008251720849298
0.0008251720849298
0.0008251360441786
0.0008250637147462
0.0008249546009304
0.0008248079598025
0.0008246228021861
0.0008243978943956
0.0008241317613685
0.0008238226914484
0.0008234687440125
0.0008230677607120
0.0008226173819685
0.0008221150703547
0.0008215581435726
0.0008209438201737
0.0008202692824615
0.0008195317628382
0.0008187286619310
0.0008178577110826
0.0008169171975576
0.0008159062813836
0.0008148254528936
0.0008136772213585
0.0008124672286616
0.0008112063154731
0.0008113754233181
0.0008126443916167
0.0008138622915018
0.0008150182404093
0.0008161065560887
0.0008171246921143
0.0008180721252699
0.0008189496676043
0.0008197590091629
0.0008205024010442
0.0008211824300699
0.0008218018558139
0.0008223634919074
0.0008228701191489
0.0008233244219402
0.0008237289419096
0.0008240860443706
0.0008243978943956
0.0008246664397697
0.0008248933992680
0.0008250802548617
0.0008252282463170
0.0008253383680705
0.0008254113671216
0.0008254477419574
0.0008254477419574
0.0008254113671216
0.0008253383680705
0.0008252282463170
0.0008250802548617
0.0008248933992680
0.0008246664397691
0.0008243978943956
0.0008240860443707
0.0008237289419096
0.0008233244219402
0.0008228701191489
0.0008223634919074
0.0008218018558139
0.0008211824300699
0.0008205024010442
0.0008197590091629
0.0008189496676043
0.0008180721252699
0.0008171246921143
0.0008161065560887
0.0008150182404093
0.0008138622915018
0.0008126443916167
0.0008113754233181
0.0008115186783718
0.0008127943889871
0.0008140189090151
0.0008151813221361
0.0008162759133283
0.0008173001057385
0.0008182533490068
0.0008191364318319
0.0008199510249568
0.0008206993643561
0.0008213840255552
0.0008220077605588
0.0008225733787307
0.0008230836593451
0.0008235412876374
0.0008239488079023
0.0008243085894410
0.0008246228021861
0.0008248933992680
0.0008251221049937
0.0008253104065278
0.0008254595484441
0.0008255705292422
0.0008256440991513
0.0008256807588506
0.0008256807588506
0.0008256440991513
0.0008255705292422
0.0008254595484441
0.0008253104065278
0.0008251221049937
0.0008248933992680
0.0008246228021861
0.0008243085894410
0.0008239488079026
0.0008235412876374
0.0008230836593451
0.0008225733787307
0.0008220077605588
0.0008213840255552
0.0008206993643561
0.0008199510249568
0.0008191364318319
0.0008182533490068
0.0008173001057385
0.0008162759133283
0.0008151813221361
0.0008140189090151
0.0008127943889871
0.0008115186783718
0.0008116368572450
0.0008129180737859
0.0008141480010466
0.0008153156960511
0.0008164154176480
0.0008174445646391
0.0008184025647747
0.0008192901876918
0.0008201090882448
0.0008208614896364
0.0008215499578038
0.0008221772379966
0.0008227461354265
0.0008232594275292
0.0008237197995761
0.0008241297973936
0.0008244917930036
0.0008248079598025
0.0008250802548617
0.0008253104065278
0.0008254999059428
0.0008256500013414
0.0008257616943303
0.0008258357375903
0.0008258726335477
0.0008258726335477
0.0008258357375903
0.0008257616943303
0.0008256500013414
0.0008254999059428
0.0008253104065278
0.0008250802548617
0.0008248079598025
0.0008244917930036
0.0008241297973936
0.0008237197995761
0.0008232594275292
0.0008227461354265
0.0008221772379966
0.0008215499578038
0.0008208614896364
0.0008201090882448
0.0008192901876918
0.0008184025647747
0.0008174445646391
0.0008164154176480
0.0008153156960511
0.0008141480010465
0.0008129180737859
0.0008116368572450
0.0008117306119296
0.0008130161603392
0.0008142503424851
0.0008154221949547
0.0008165259565100
0.0008175590071129
0.0008185207574031
0.0008194119620962
0.0008202342634305
0.0008209898744232
0.0008216813531005
0.0008223114390919
0.0008228829339552
0.0008233986132581
0.0008238611619057
0.0008242731265426
0.0008246368809471
0.0008249546009304
0.0008252282463170
0.0008254595484441
0.0008256500013414
0.0008258008559191
0.0008259131161111
0.0008259875364563
0.0008260246206107
0.0008260246206107
0.0008259875364563
0.0008259131161111
0.0008258008559191
0.0008256500013414
0.0008254595484441
0.0008252282463170
0.0008249546009304
0.0008246368809471
0.0008242731265426
0.0008238611619057
0.0008233986132581
0.0008228829339552
0.0008223114390919
0.0008216813531005
0.0008209898744232
0.0008202342634305
0.0008194119620962
0.0008185207574031
0.0008175590071129
0.0008165259565100
0.0008154221949547
0.0008142503424851
0.0008130161603392
0.0008117306119296
0.0008118004668561
0.0008130892220484
0.0008143265543738
0.0008155014855857
0.0008166082398277
0.0008176441832849
0.0008186087140287
0.0008195025757748
0.0008203274013703
0.0008210853961423
0.0008217791121455
0.0008224112846328
0.0008229847122600
0.0008235021689661
0.0008239663391516
0.0008243797698404
0.0008247448359100
0.0008250637147462
0.0008253383680705
0.0008255705292422
0.0008257616943303
0.0008259131161111
0.0008260258001611
0.0008261005023173
0.0008261377271675
0.0008261377271675
0.0008261005023173
0.0008260258001611
0.0008259131161111
0.0008257616943303
0.0008255705292422
0.0008253383680705
0.0008250637147462
0.0008247448359100
0.0008243797698404
0.0008239663391516
0.0008235021689661
0.0008229847122600
0.0008224112846328
0.0008217791121455
0.0008210853961421
0.0008203274013703
0.0008195025757748
0.0008186087140287
0.0008176441832849
0.0008166082398277
0.0008155014855857
0.0008143265543738
0.0008130892220484
0.0008118004668561
0.0008118468168401
0.0008131376899859
0.0008143771030361
0.0008155540681183
0.0008166627998254
0.0008177006553104
0.0008186670244463
0.0008195626436120
0.0008203891395046
0.0008211487122949
0.0008218439100263
0.0008224774649725
0.0008230521737454
0.0008235708091472
0.0008240360550829
0.0008244504587858
0.0008248163957059
0.0008251360441786
0.0008254113671216
0.0008256440991509
0.0008258357375903
0.0008259875364563
0.0008261005023172
0.0008261753918723
0.0008262127102719
0.0008262127102719
0.0008261753918723
0.0008261005023172
0.0008259875364563
0.0008258357375903
0.0008256440991508
0.0008254113671216
0.0008251360441786
0.0008248163957059
0.0008244504587858
0.0008240360550829
0.0008235708091472
0.0008230521737454
0.0008224774649725
0.0008218439100263
0.0008211487122949
0.0008203891395046
0.0008195626436120
0.0008186670244463
0.0008177006553104
0.0008166627998254
0.0008155540681183
0.0008143771030361
0.0008131376899859
0.0008118468168401
0.0008118699257770
0.0008131618519400
0.0008144022995524
0.0008155802760114
0.0008166899911816
0.0008177287977459
0.0008186960814922
0.0008195925752213
0.0008204199024815
0.0008211802609222
0.0008218761965736
0.0008225104401650
0.0008230857873095
0.0008236050101670
0.0008240707923888
0.0008244856812598
0.0008248520525080
0.0008251720849298
0.0008254477419574
0.0008256807588506
0.0008258726335477
0.0008260246206107
0.0008261377271675
0.0008262127102720
0.0008262500753499
0.0008262500753499
0.0008262127102720
0.0008261377271675
0.0008260246206107
0.0008258726335477
0.0008256807588506
0.0008254477419574
0.0008251720849298
0.0008248520525080
0.0008244856812598
0.0008240707923888
0.0008236050101670
0.0008230857873095
0.0008225104401650
0.0008218761965736
0.0008211802609222
0.0008204199024815
0.0008195925752213
0.0008186960814922
0.0008177287977459
0.0008166899911816
0.0008155802760114
0.0008144022995524
0.0008131618519400
0.0008118699257770
0.0008118699257770
0.0008131618519400
0.0008144022995524
0.0008155802760114
0.0008166899911816
0.0008177287977459
0.0008186960814922
0.0008195925752213
0.0008204199024816
0.0008211802609222
0.0008218761965733
0.0008225104401650
0.0008230857873095
0.0008236050101670
0.0008240707923888
0.0008244856812598
0.0008248520525080
0.0008251720849298
0.0008254477419574
0.0008256807588506
0.0008258726335477
0.0008260246206107
0.0008261377271675
0.0008262127102719
0.0008262500753499
0.0008262500753499
0.0008262127102720
0.0008261377271675
0.0008260246206108
0.0008258726335477
0.0008256807588506
0.0008254477419574
0.0008251720849298
0.0008248520525080
0.0008244856812598
0.0008240707923888
0.0008236050101670
0.0008230857873095
0.0008225104401650
0.0008218761965733
0.0008211802609222
0.0008204199024816
0.0008195925752213
0.0008186960814922
0.0008177287977459
0.0008166899911816
0.0008155802760114
0.0008144022995524
0.0008131618519400
0.0008118699257770
0.0008118468168401
0.0008131376899859
0.0008143771030361
0.0008155540681183
0.0008166627998257
0.0008177006553103
0.0008186670244463
0.0008195626436120
0.0008203891395046
0.0008211487122949
0.0008218439100261
0.0008224774649725
0.0008230521737454
0.0008235708091472
0.0008240360550829
0.0008244504587858
0.0008248163957059
0.0008251360441786
0.0008254113671216
0.0008256440991513
0.0008258357375903
0.0008259875364563
0.0008261005023173
0.0008261753918723
0.0008262127102719
0.0008262127102719
0.0008261753918723
0.0008261005023173
0.0008259875364563
0.0008258357375903
0.0008256440991509
0.0008254113671216
0.0008251360441786
0.0008248163957059
0.0008244504587858
0.0008240360550829
0.0008235708091472
0.0008230521737454
0.0008224774649725
0.0008218439100261
0.0008211487122949
0.0008203891395046
0.0008195626436120
0.0008186670244463
0.0008177006553104
0.0008166627998254
0.0008155540681183
0.0008143771030361
0.0008131376899859
0.0008118468168401
0.0008118004668561
0.0008130892220478
0.0008143265543738
0.0008155014855856
0.0008166082398277
0.0008176441832844
0.0008186087140287
0.0008195025757748
0.0008203274013703
0.0008210853961423
0.0008217791121455
0.0008224112846328
0.0008229847122600
0.0008235021689661
0.0008239663391518
0.0008243797698404
0.0008247448359100
0.0008250637147462
0.0008253383680701
0.0008255705292422
0.0008257616943303
0.0008259131161111
0.0008260258001611
0.0008261005023172
0.0008261377271675
0.0008261377271675
0.0008261005023172
0.0008260258001611
0.0008259131161111
0.0008257616943303
0.0008255705292422
0.0008253383680701
0.0008250637147462
0.0008247448359100
0.0008243797698404
0.0008239663391518
0.0008235021689661
0.0008229847122600
0.0008224112846328
0.0008217791121455
0.0008210853961423
0.0008203274013703
0.0008195025757748
0.0008186087140286
0.0008176441832844
0.0008166082398277
0.0008155014855856
0.0008143265543738
0.0008130892220478
0.0008118004668562
0.0008117306119298
0.0008130161603392
0.0008142503424851
0.0008154221949547
0.0008165259565101
0.0008175590071129
0.0008185207574031
0.0008194119620962
0.0008202342634305
0.0008209898744232
0.0008216813531005
0.0008223114390919
0.0008228829339552
0.0008233986132581
0.0008238611619057
0.0008242731265425
0.0008246368809471
0.0008249546009304
0.0008252282463170
0.0008254595484445
0.0008256500013414
0.0008258008559191
0.0008259131161111
0.0008259875364563
0.0008260246206107
0.0008260246206107
0.0008259875364563
0.0008259131161111
0.0008258008559191
0.0008256500013414
0.0008254595484445
0.0008252282463170
0.0008249546009304
0.0008246368809471
0.0008242731265425
0.0008238611619057
0.0008233986132581
0.0008228829339552
0.0008223114390919
0.0008216813531005
0.0008209898744232
0.0008202342634305
0.0008194119620962
0.0008185207574031
0.0008175590071129
0.0008165259565101
0.0008154221949547
0.0008142503424851
0.0008130161603392
0.0008117306119298
0.0008116368572450
0.0008129180737859
0.0008141480010466
0.0008153156960511
0.0008164154176480
0.0008174445646391
0.0008184025647748
0.0008192901876918
0.0008201090882448
0.0008208614896364
0.0008215499578038
0.0008221772379966
0.0008227461354265
0.0008232594275292
0.0008237197995761
0.0008241297973936
0.0008244917930036
0.0008248079598025
0.0008250802548617
0.0008253104065278
0.0008254999059428
0.0008256500013414
0.0008257616943303
0.0008258357375903
0.0008258726335477
0.0008258726335477
0.0008258357375903
0.0008257616943303
0.0008256500013414
0.0008254999059428
0.0008253104065278
0.0008250802548617
0.0008248079598025
0.0008244917930036
0.0008241297973936
0.0008237197995761
0.0008232594275292
0.0008227461354265
0.0008221772379964
0.0008215499578038
0.0008208614896364
0.0008201090882448
0.0008192901876918
0.0008184025647748
0.0008174445646391
0.0008164154176480
0.0008153156960511
0.0008141480010466
0.0008129180737859
0.0008116368572450
0.0008115186783718
0.0008127943889870
0.0008140189090151
0.0008151813221361
0.0008162759133283
0.0008173001057387
0.0008182533490068
0.0008191364318319
0.0008199510249568
0.0008206993643561
0.0008213840255552
0.0008220077605588
0.0008225733787307
0.0008230836593451
0.0008235412876375
0.0008239488079026
0.0008243085894410
0.0008246228021861
0.0008248933992680
0.0008251221049937
0.0008253104065278
0.0008254595484441
0.0008255705292422
0.0008256440991509
0.0008256807588506
0.0008256807588506
0.0008256440991509
0.0008255705292422
0.0008254595484441
0.0008253104065278
0.0008251221049937
0.0008248933992680
0.0008246228021861
0.0008243085894410
0.0008239488079026
0.0008235412876375
0.0008230836593451
0.0008225733787307
0.0008220077605588
0.0008213840255552
0.0008206993643561
0.0008199510249568
0.0008191364318319
0.0008182533490068
0.0008173001057387
0.0008162759133283
0.0008151813221361
0.0008140189090151
0.0008127943889870
0.0008115186783718
0.0008113754233181
0.0008126443916167
0.0008138622915018
0.0008150182404093
0.0008161065560887
0.0008171246921143
0.0008180721252698
0.0008189496676043
0.0008197590091629
0.0008205024010442
0.0008211824300699
0.0008218018558139
0.0008223634919074
0.0008228701191489
0.0008233244219402
0.0008237289419096
0.0008240860443706
0.0008243978943956
0.0008246664397697
0.0008248933992680
0.0008250802548616
0.0008252282463170
0.0008253383680705
0.0008254113671216
0.0008254477419573
0.0008254477419573
0.0008254113671216
0.0008253383680705
0.0008252282463170
0.0008250802548616
0.0008248933992680
0.0008246664397691
0.0008243978943956
0.0008240860443706
0.0008237289419096
0.0008233244219402
0.0008228701191489
0.0008223634919074
0.0008218018558139
0.0008211824300699
0.0008205024010442
0.0008197590091629
0.0008189496676043
0.0008180721252698
0.0008171246921143
0.0008161065560887
0.0008150182404093
0.0008138622915018
0.0008126443916167
0.0008113754233181
0.0008112063154731
0.0008124672286615
0.0008136772213585
0.0008148254528936
0.0008159062813836
0.0008169171975576
0.0008178577110826
0.0008187286619310
0.0008195317628382
0.0008202692824615
0.0008209438201737
0.0008215581435726
0.0008221150703547
0.0008226173819685
0.0008230677607121
0.0008234687440130
0.0008238226914487
0.0008241317613685
0.0008243978943956
0.0008246228021861
0.0008248079598025
0.0008249546009304
0.0008250637147462
0.0008251360441786
0.0008251720849298
0.0008251720849298
0.0008251360441786
0.0008250637147462
0.0008249546009304
0.0008248079598025
0.0008246228021861
0.0008243978943956
0.0008241317613685
0.0008238226914487
0.0008234687440130
0.0008230677607121
0.0008226173819685
0.0008221150703547
0.0008215581435726
0.0008209438201737
0.0008202692824615
0.0008195317628382
0.0008187286619310
0.0008178577110826
0.0008169171975576
0.0008159062813836
0.0008148254528936
0.0008136772213585
0.0008124672286616
0.0008112063154731
0.0008110104577670
0.0008122619116425
0.0008134626215459
0.0008146017981872
0.0008156738487741
0.0008166763088400
0.0008176087271348
0.0008184719764267
0.0008192677956184
0.0008199984729910
0.0008206666214711
0.0008212750166617
0.0008218264794586
0.0008223237905622
0.0008227696282883
0.0008231665236610
0.0008235168282897
0.0008238226914487
0.0008240860443706
0.0008243085894411
0.0008244917930036
0.0008246368809471
0.0008247448359100
0.0008248163957060
0.0008248520525080
0.0008248520525080
0.0008248163957060
0.0008247448359100
0.0008246368809471
0.0008244917930036
0.0008243085894411
0.0008240860443706
0.0008238226914487
0.0008235168282897
0.0008231665236610
0.0008227696282883
0.0008223237905622
0.0008218264794586
0.0008212750166617
0.0008206666214711
0.0008199984729910
0.0008192677956184
0.0008184719764267
0.0008176087271348
0.0008166763088400
0.0008156738487741
0.0008146017981872
0.0008134626215459
0.0008122619116425
0.0008110104577670
0.0008107868384645
0.0008120273212822
0.0008132172688601
0.0008143459544060
0.0008154078444097
0.0008164005277769
0.0008173235992973
0.0008181779696005
0.0008189654071216
0.0008196882216374
0.0008203490399695
0.0008209506450747
0.0008214958595140
0.0008219874609604
0.0008224281211369
0.0008228203618352
0.0008231665236610
0.0008234687440125
0.0008237289419096
0.0008239488079026
0.0008241297973936
0.0008242731265425
0.0008243797698404
0.0008244504587858
0.0008244856812598
0.0008244856812598
0.0008244504587858
0.0008243797698404
0.0008242731265425
0.0008241297973936
0.0008239488079026
0.0008237289419096
0.0008234687440130
0.0008231665236610
0.0008228203618352
0.0008224281211369
0.0008219874609604
0.0008214958595140
0.0008209506450747
0.0008203490399695
0.0008196882216374
0.0008189654071216
0.0008181779696005
0.0008173235992973
0.0008164005277769
0.0008154078444097
0.0008143459544060
0.0008132172688601
0.0008120273212822
0.0008107868384645
0.0008105343390924
0.0008117622142128
0.0008129397994590
0.0008140564438722
0.0008151066850531
0.0008160881751166
0.0008170005625238
0.0008178448010667
0.0008186226919095
0.0008193365675417
0.0008199890684140
0.0008205829832216
0.0008211211336225
0.0008216062911636
0.0008220411173814
0.0008224281211369
0.0008227696282884
0.0008230677607121
0.0008233244219402
0.0008235412876374
0.0008237197995761
0.0008238611619057
0.0008239663391518
0.0008240360550829
0.0008240707923888
0.0008240707923888
0.0008240360550829
0.0008239663391518
0.0008238611619057
0.0008237197995761
0.0008235412876375
0.0008233244219402
0.0008230677607120
0.0008227696282884
0.0008224281211369
0.0008220411173814
0.0008216062911636
0.0008211211336225
0.0008205829832216
0.0008199890684140
0.0008193365675417
0.0008186226919095
0.0008178448010674
0.0008170005625238
0.0008160881751166
0.0008151066850531
0.0008140564438722
0.0008129397994590
0.0008117622142128
0.0008105343390924
0.0008102517452442
0.0008114652322562
0.0008126287168827
0.0008137316401295
0.0008147686246531
0.0008157373970582
0.0008166376676943
0.0008174704390303
0.0008182375476675
0.0008189413492654
0.0008195844965576
0.0008201697811924
0.0008207000202122
0.0008211779746157
0.0008216062911636
0.0008219874609604
0.0008223237905622
0.0008226173819685
0.0008228701191489
0.0008230836593451
0.0008232594275292
0.0008233986132581
0.0008235021689661
0.0008235708091472
0.0008236050101670
0.0008236050101670
0.0008235708091472
0.0008235021689661
0.0008233986132581
0.0008232594275292
0.0008230836593451
0.0008228701191489
0.0008226173819685
0.0008223237905622
0.0008219874609604
0.0008216062911636
0.0008211779746157
0.0008207000202126
0.0008201697811924
0.0008195844965576
0.0008189413492654
0.0008182375476675
0.0008174704390303
0.0008166376676943
0.0008157373970582
0.0008147686246531
0.0008137316401295
0.0008126287168827
0.0008114652322561
0.0008102517452442
0.0008099377611857
0.0008111349152138
0.0008122824035442
0.0008133697786011
0.0008143917645689
0.0008153461754436
0.0008162327925393
0.0008170526721638
0.0008178076884002
0.0008185002193566
0.0008191329272326
0.0008197086023170
0.0008202300517421
0.0008207000202126
0.0008211211336225
0.0008214958595140
0.0008218264794581
0.0008221150703547
0.0008223634919074
0.0008225733787307
0.0008227461354265
0.0008228829339552
0.0008229847122600
0.0008230521737454
0.0008230857873095
0.0008230857873095
0.0008230521737454
0.0008229847122600
0.0008228829339552
0.0008227461354265
0.0008225733787307
0.0008223634919074
0.0008221150703547
0.0008218264794581
0.0008214958595140
0.0008211211336225
0.0008207000202126
0.0008202300517421
0.0008197086023170
0.0008191329272326
0.0008185002193566
0.0008178076884002
0.0008170526721638
0.0008162327925393
0.0008153461754436
0.0008143917645689
0.0008133697786011
0.0008122824035442
0.0008111349152138
0.0008099377611857
0.0008095910293052
0.0008107697185105
0.0008118991367489
0.0008129689716478
0.0008139740686151
0.0008149123436333
0.0008157836584589
0.0008165891280800
0.0008173306647606
0.0008180106665646
0.0008186318004418
0.0008191968489976
0.0008197086023170
0.0008201697811924
0.0008205829832216
0.0008209506450747
0.0008212750166617
0.0008215581435726
0.0008218018558139
0.0008220077605588
0.0008221772379964
0.0008223114390919
0.0008224112846328
0.0008224774649725
0.0008225104401648
0.0008225104401648
0.0008224774649725
0.0008224112846328
0.0008223114390918
0.0008221772379964
0.0008220077605588
0.0008218018558136
0.0008215581435726
0.0008212750166617
0.0008209506450747
0.0008205829832216
0.0008201697811924
0.0008197086023172
0.0008191968489976
0.0008186318004418
0.0008180106665646
0.0008173306647606
0.0008165891280800
0.0008157836584589
0.0008149123436333
0.0008139740686151
0.0008129689716478
0.0008118991367489
0.0008107697185105
0.0008095910293052
0.0008092101562879
0.0008103680371048
0.0008114771111193
0.0008125272305307
0.0008135133852530
0.0008144336098200
0.0008152878560339
0.0008160773011831
0.0008168038943804
0.0008174700488542
0.0008180784288290
0.0008186318004418
0.0008191329272326
0.0008195844965576
0.0008199890684140
0.0008203490399695
0.0008206666214711
0.0008209438201737
0.0008211824300699
0.0008213840255552
0.0008215499578038
0.0008216813531005
0.0008217791121455
0.0008218439100261
0.0008218761965736
0.0008218761965733
0.0008218439100261
0.0008217791121455
0.0008216813531005
0.0008215499578038
0.0008213840255552
0.0008211824300699
0.0008209438201737
0.0008206666214711
0.0008203490399695
0.0008199890684140
0.0008195844965576
0.0008191329272326
0.0008186318004418
0.0008180784288290
0.0008174700488542
0.0008168038943804
0.0008160773011831
0.0008152878560339
0.0008144336098200
0.0008135133852530
0.0008125272305307
0.0008114771111193
0.0008103680371048
0.0008092101562879
0.0008087937479504
0.0008099282378862
0.0008110144695690
0.0008120424961045
0.0008130074797171
0.0008139075915044
0.0008147428825216
0.0008155145936769
0.0008162247066764
0.0008168756414735
0.0008174700488542
0.0008180106665646
0.0008185002193566
0.0008189413492654
0.0008193365675417
0.0008196882216374
0.0008199984729910
0.0008202692824615
0.0008205024010442
0.0008206993643561
0.0008208614896364
0.0008209898744232
0.0008210853961423
0.0008211487122949
0.0008211802609222
0.0008211802609222
0.0008211487122949
0.0008210853961423
0.0008209898744232
0.0008208614896364
0.0008206993643561
0.0008205024010442
0.0008202692824615
0.0008199984729911
0.0008196882216374
0.0008193365675417
0.0008189413492654
0.0008185002193566
0.0008180106665646
0.0008174700488542
0.0008168756414735
0.0008162247066764
0.0008155145936769
0.0008147428825216
0.0008139075915044
0.0008130074797171
0.0008120424961045
0.0008110144695690
0.0008099282378862
0.0008087937479504
0.0008083404557046
0.0008094487036497
0.0008105093461436
0.0008115126825985
0.0008124540802286
0.0008133318659314
0.0008141461970824
0.0008148983760014
0.0008155904079788
0.0008162247066764
0.0008168038943804
0.0008173306647606
0.0008178076884002
0.0008182375476675
0.0008186226919095
0.0008189654071216
0.0008192677956184
0.0008195317628382
0.0008197590091629
0.0008199510249568
0.0008201090882448
0.0008202342634305
0.0008203274013703
0.0008203891395046
0.0008204199024815
0.0008204199024815
0.0008203891395046
0.0008203274013703
0.0008202342634305
0.0008201090882448
0.0008199510249568
0.0008197590091629
0.0008195317628382
0.0008192677956184
0.0008189654071216
0.0008186226919095
0.0008182375476675
0.0008178076884002
0.0008173306647606
0.0008168038943804
0.0008162247066764
0.0008155904079787
0.0008148983760014
0.0008141461970824
0.0008133318659314
0.0008124540802286
0.0008115126825985
0.0008105093461436
0.0008094487036497
0.0008083404557046
0.0008078490391563
0.0008089278929153
0.0008099599254844
0.0008109357395390
0.0008118509450999
0.0008127040436482
0.0008134953017833
0.0008142260747921
0.0008148983760014
0.0008155145936769
0.0008160773011831
0.0008165891280800
0.0008170526721638
0.0008174704390303
0.0008178448010667
0.0008181779696005
0.0008184719764267
0.0008187286619310
0.0008189496676043
0.0008191364318319
0.0008192901876918
0.0008194119620962
0.0008195025757748
0.0008195626436120
0.0008195925752213
0.0008195925752213
0.0008195626436120
0.0008195025757748
0.0008194119620962
0.0008192901876918
0.0008191364318319
0.0008189496676043
0.0008187286619310
0.0008184719764267
0.0008181779696005
0.0008178448010674
0.0008174704390303
0.0008170526721638
0.0008165891280800
0.0008160773011831
0.0008155145936769
0.0008148983760014
0.0008142260747921
0.0008134953017833
0.0008127040436482
0.0008118509450999
0.0008109357395390
0.0008099599254844
0.0008089278929153
0.0008078490391563
0.0008073184503230
0.0008083644217627
0.0008093645260123
0.0008103097406236
0.0008111959605649
0.0008120218770347
0.0008127878606917
0.0008134953017833
0.0008141461970824
0.0008147428825216
0.0008152878560339
0.0008157836584589
0.0008162327925393
0.0008166376676943
0.0008170005625238
0.0008173235992973
0.0008176087271348
0.0008178577110826
0.0008180721252699
0.0008182533490068
0.0008184025647750
0.0008185207574031
0.0008186087140287
0.0008186670244463
0.0008186960814922
0.0008186960814922
0.0008186670244463
0.0008186087140287
0.0008185207574031
0.0008184025647750
0.0008182533490068
0.0008180721252699
0.0008178577110826
0.0008176087271348
0.0008173235992973
0.0008170005625238
0.0008166376676943
0.0008162327925393
0.0008157836584589
0.0008152878560339
0.0008147428825216
0.0008141461970824
0.0008134953017833
0.0008127878606917
0.0008120218770347
0.0008111959605650
0.0008103097406236
0.0008093645260123
0.0008083644217627
0.0008073184503230
0.0008067479492165
0.0008077571776059
0.0008087217184853
0.0008096330137155
0.0008104872863016
0.0008112834222955
0.0008120218770347
0.0008127040436482
0.0008133318659314
0.0008139075915044
0.0008144336098200
0.0008149123436333
0.0008153461754436
0.0008157373970582
0.0008160881751166
0.0008164005277769
0.0008166763088400
0.0008169171975576
0.0008171246921143
0.0008173001057385
0.0008174445646391
0.0008175590071129
0.0008176441832849
0.0008177006553103
0.0008177287977459
0.0008177287977459
0.0008177006553103
0.0008176441832849
0.0008175590071129
0.0008174445646391
0.0008173001057385
0.0008171246921143
0.0008169171975576
0.0008166763088400
0.0008164005277769
0.0008160881751166
0.0008157373970582
0.0008153461754436
0.0008149123436333
0.0008144336098200
0.0008139075915044
0.0008133318659314
0.0008127040436482
0.0008120218770347
0.0008112834222955
0.0008104872863016
0.0008096330137155
0.0008087217184853
0.0008077571776059
0.0008067479492165
0.0008061372646265
0.0008071054803600
0.0008080304995548
0.0008089043367579
0.0008097235775406
0.0008104872863016
0.0008111959605650
0.0008118509450999
0.0008124540802286
0.0008130074797171
0.0008135133852530
0.0008139740686151
0.0008143917645689
0.0008147686246531
0.0008151066850531
0.0008154078444097
0.0008156738487741
0.0008159062813836
0.0008161065560887
0.0008162759133283
0.0008164154176480
0.0008165259565100
0.0008166082398277
0.0008166627998254
0.0008166899911816
0.0008166899911816
0.0008166627998254
0.0008166082398277
0.0008165259565100
0.0008164154176480
0.0008162759133283
0.0008161065560887
0.0008159062813836
0.0008156738487741
0.0008154078444097
0.0008151066850531
0.0008147686246531
0.0008143917645689
0.0008139740686151
0.0008135133852530
0.0008130074797171
0.0008124540802286
0.0008118509450999
0.0008111959605650
0.0008104872863016
0.0008097235775406
0.0008089043367579
0.0008080304995548
0.0008071054803600
0.0008061372646265
0.0008054868247951
0.0008064093195731
0.0008072905577241
0.0008081232464846
0.0008089043367579
0.0008096330137155
0.0008103097406236
0.0008109357395388
0.0008115126825986
0.0008120424961045
0.0008125272305307
0.0008129689716478
0.0008133697786011
0.0008137316401295
0.0008140564438722
0.0008143459544060
0.0008146017981872
0.0008148254528936
0.0008150182404093
0.0008151813221361
0.0008153156960511
0.0008154221949547
0.0008155014855856
0.0008155540681183
0.0008155802760114
0.0008155802760114
0.0008155540681183
0.0008155014855856
0.0008154221949547
0.0008153156960511
0.0008151813221361
0.0008150182404093
0.0008148254528936
0.0008146017981872
0.0008143459544060
0.0008140564438722
0.0008137316401295
0.0008133697786011
0.0008129689716478
0.0008125272305307
0.0008120424961045
0.0008115126825986
0.0008109357395388
0.0008103097406236
0.0008096330137155
0.0008089043367579
0.0008081232464846
0.0008072905577241
0.0008064093195731
0.0008054868247951
0.0008047981034199
0.0008056697240700
0.0008065027119441
0.0008072905577241
0.0008080304995548
0.0008087217184853
0.0008093645260122
0.0008099599254844
0.0008105093461436
0.0008110144695690
0.0008114771111193
0.0008118991367489
0.0008122824035442
0.0008126287168827
0.0008129397994590
0.0008132172688601
0.0008134626215459
0.0008136772213585
0.0008138622915018
0.0008140189090151
0.0008141480010465
0.0008142503424851
0.0008143265543738
0.0008143771030361
0.0008144022995524
0.0008144022995524
0.0008143771030361
0.0008143265543738
0.0008142503424851
0.0008141480010465
0.0008140189090151
0.0008138622915018
0.0008136772213585
0.0008134626215459
0.0008132172688601
0.0008129397994590
0.0008126287168827
0.0008122824035442
0.0008118991367489
0.0008114771111193
0.0008110144695690
0.0008105093461436
0.0008099599254844
0.0008093645260122
0.0008087217184853
0.0008080304995548
0.0008072905577241
0.0008065027119441
0.0008056697240700
0.0008047981034199
0.0008040741787676
0.0008048894070826
0.0008056697240700
0.0008064093195731
0.0008071054803600
0.0008077571776059
0.0008083644217627
0.0008089278929153
0.0008094487036497
0.0008099282378862
0.0008103680371048
0.0008107697185105
0.0008111349152138
0.0008114652322562
0.0008117622142128
0.0008120273212822
0.0008122619116425
0.0008124672286616
0.0008126443916167
0.0008127943889870
0.0008129180737859
0.0008130161603392
0.0008130892220478
0.0008131376899859
0.0008131618519400
0.0008131618519400
0.0008131376899859
0.0008130892220484
0.0008130161603392
0.0008129180737859
0.0008127943889870
0.0008126443916167
0.0008124672286616
0.0008122619116425
0.0008120273212822
0.0008117622142128
0.0008114652322562
0.0008111349152138
0.0008107697185105
0.0008103680371048
0.0008099282378862
0.0008094487036497
0.0008089278929153
0.0008083644217627
0.0008077571776059
0.0008071054803600
0.0008064093195731
0.0008056697240700
0.0008048894070826
0.0008040741787676
0.0008033207744270
0.0008040741787676
0.0008047981034199
0.0008054868247951
0.0008061372646265
0.0008067479492165
0.0008073184503230
0.0008078490391563
0.0008083404557046
0.0008087937479504
0.0008092101562879
0.0008095910293052
0.0008099377611857
0.0008102517452442
0.0008105343390924
0.0008107868384645
0.0008110104577670
0.0008112063154731
0.0008113754233181
0.0008115186783718
0.0008116368572450
0.0008117306119296
0.0008118004668561
0.0008118468168401
0.0008118699257770
0.0008118699257770
0.0008118468168401
0.0008118004668561
0.0008117306119298
0.0008116368572450
0.0008115186783718
0.0008113754233181
0.0008112063154731
0.0008110104577670
0.0008107868384645
0.0008105343390924
0.0008102517452442
0.0008099377611857
0.0008095910293052
0.0008092101562879
0.0008087937479504
0.0008083404557046
0.0008078490391563
0.0008073184503230
0.0008067479492165
0.0008061372646265
0.0008054868247951
0.0008047981034199
0.0008040741787676
0.0008033207744270
0.9442526627593433
0.9442560365827454
0.9442592873353095
0.9442623881504211
0.9442653239153992
0.9442680867121190
0.9442706733776738
0.9442730840046776
0.9442753208913301
0.9442773878545345
0.9442792896932933
0.9442810317967175
0.9442826198806158
0.9442840597320897
0.9442853570666356
0.9442865173846877
0.9442875459005268
0.9442884474216203
0.9442892263419740
0.9442898865630227
0.9442904314736741
0.9442908639378325
0.9442911862577571
0.9442914001705328
0.9442915068359389
0.9442915068359389
0.9442914001705328
0.9442911862577571
0.9442908639378325
0.9442904314736741
0.9442898865630227
0.9442892263419740
0.9442884474216203
0.9442875459005268
0.9442865173846877
0.9442853570666356
0.9442840597320897
0.9442826198806158
0.9442810317967175
0.9442792896932933
0.9442773878545345
0.9442753208913301
0.9442730840046776
0.9442706733776738
0.9442680867121190
0.9442653239153992
0.9442623881504211
0.9442592873353095
0.9442560365827454
0.9442526627593433
0.9442560365827454
0.9442596979555178
0.9442632129570878
0.9442665539534325
0.9442697071375269
0.9442726663249639
0.9442754301075880
0.9442780002318083
0.9442803805423533
0.9442825762668677
0.9442845934769927
0.9442864387192051
0.9442881187398161
0.9442896402540284
0.9442910098008597
0.9442922336242425
0.9442933175709834
0.9442942670269002
0.9442950868654536
0.9442957814151738
0.9442963544128314
0.9442968090065202
0.9442971477279276
0.9442973724789767
0.9442974845356784
0.9442974845356784
0.9442973724789767
0.9442971477279276
0.9442968090065202
0.9442963544128314
0.9442957814151738
0.9442950868654536
0.9442942670269002
0.9442933175709834
0.9442922336242425
0.9442910098008597
0.9442896402540284
0.9442881187398161
0.9442864387192051
0.9442845934769927
0.9442825762668677
0.9442803805423533
0.9442780002318083
0.9442754301075880
0.9442726663249639
0.9442697071375269
0.9442665539534325
0.9442632129570878
0.9442596979555178
0.9442560365827454
0.9442592873353095
0.9442632129570878
0.9442669764951287
0.9442705468045784
0.9442739095512335
0.9442770592149552
0.9442799955235950
0.9442827215187196
0.9442852423356902
0.9442875644275734
0.9442896950362776
0.9442916417686483
0.9442934123408078
0.9442950143536734
0.9442964551374792
0.9442977416344598
0.9442988803172948
0.9442998771201984
0.9443007373876589
0.9443014658606828
0.9443020666173779
0.9443025430935106
0.9443028980254977
0.9443031334989644
0.9443032508866206
0.9443032508866206
0.9443031334989644
0.9443028980254977
0.9443025430935106
0.9443020666173779
0.9443014658606828
0.9443007373876589
0.9442998771201984
0.9442988803172948
0.9442977416344598
0.9442964551374792
0.9442950143536734
0.9442934123408078
0.9442916417686483
0.9442896950362776
0.9442875644275734
0.9442852423356902
0.9442827215187196
0.9442799955235950
0.9442770592149552
0.9442739095512335
0.9442705468045784
0.9442669764951287
0.9442632129570878
0.9442592873353095
0.9442623881504211
0.9442665539534325
0.9442705468045784
0.9442743316992006
0.9442778926998787
0.9442812240437671
0.9442843259392205
0.9442872022349721
0.9442898590204774
0.9442923037729987
0.9442945447022606
0.9442965903651226
0.9442984493482464
0.9443001300557916
0.9443016405516613
0.9443029884392115
0.9443041807800899
0.9443052240214495
0.9443061239720529
0.9443068857530225
0.9443075137761027
0.9443080117434718
0.9443083826116044
0.9443086286185384
0.9443087512521418
0.9443087512521418
0.9443086286185384
0.9443083826116044
0.9443080117434718
0.9443075137761027
0.9443068857530225
0.9443061239720529
0.9443052240214495
0.9443041807800899
0.9443029884392115
0.9443016405516613
0.9443001300557916
0.9442984493482464
0.9442965903651226
0.9442945447022606
0.9442923037729987
0.9442898590204774
0.9442872022349721
0.9442843259392205
0.9442812240437671
0.9442778926998787
0.9442743316992006
0.9442705468045784
0.9442665539534325
0.9442623881504211
0.9442653239153992
0.9442697071375269
0.9442739095512335
0.9442778926998787
0.9442816387095380
0.9442851410444446
0.9442883998452253
0.9442914193538331
0.9442942062897355
0.9442967688711524
0.9442991161029157
0.9443012573242400
0.9443032018845107
0.9443049589001087
0.9443065370945674
0.9443079446718009
0.9443091892358455
0.9443102777212586
0.9443112163580479
0.9443120106283072
0.9443126652643530
0.9443131842136789
0.9443135706481531
0.9443138269506581
0.9443139547015432
0.9443139547015432
0.9443138269506581
0.9443135706481531
0.9443131842136789
0.9443126652643530
0.9443120106283072
0.9443112163580479
0.9443102777212586
0.9443091892358455
0.9443079446718009
0.9443065370945674
0.9443049589001087
0.9443032018845107
0.9443012573242400
0.9442991161029157
0.9442967688711524
0.9442942062897355
0.9442914193538331
0.9442883998452253
0.9442851410444446
0.9442816387095380
0.9442778926998787
0.9442739095512335
0.9442697071375269
0.9442653239153992
0.9442680867121190
0.9442726663249639
0.9442770592149552
0.9442812240437671
0.9442851410444446
0.9442888026254513
0.9442922085590055
0.9442953631383624
0.9442982734228715
0.9443009481352106
0.9443033968757204
0.9443056296174112
0.9443076563410000
0.9443094867707301
0.9443111302145857
0.9443125954119914
0.9443138904533406
0.9443150227171905
0.9443159988172207
0.9443168245803263
0.9443175050220338
0.9443180443337843
0.9443184458756960
0.9443187121667862
0.9443188448910061
0.9443188448910061
0.9443187121667862
0.9443184458756960
0.9443180443337843
0.9443175050220338
0.9443168245803263
0.9443159988172207
0.9443150227171905
0.9443138904533406
0.9443125954119914
0.9443111302145857
0.9443094867707301
0.9443076563410000
0.9443056296174112
0.9443033968757204
0.9443009481352106
0.9442982734228715
0.9442953631383624
0.9442922085590055
0.9442888026254513
0.9442851410444446
0.9442812240437671
0.9442770592149552
0.9442726663249639
0.9442680867121190
0.9442706733776738
0.9442754301075880
0.9442799955235950
0.9442843259392205
0.9442883998452253
0.9442922085590055
0.9442957512837301
0.9442990321452830
0.9443020583250797
0.9443048388400783
0.9443073837166177
0.9443097034114851
0.9443118084048377
0.9443137089447748
0.9443154148223787
0.9443169352468872
0.9443182787456940
0.9443194530854702
0.9443204652323065
0.9443213213242019
0.9443220266397013
0.9443225855807359
0.9443230016961860
0.9443232776295560
0.9443234151578539
0.9443234151578539
0.9443232776295560
0.9443230016961860
0.9443225855807359
0.9443220266397013
0.9443213213242019
0.9443204652323065
0.9443194530854702
0.9443182787456940
0.9443169352468872
0.9443154148223787
0.9443137089447748
0.9443118084048377
0.9443097034114851
0.9443073837166177
0.9443048388400783
0.9443020583250797
0.9442990321452830
0.9442957512837301
0.9442922085590055
0.9442883998452253
0.9442843259392205
0.9442799955235950
0.9442754301075880
0.9442706733776738
0.9442730840046776
0.9442780002318083
0.9442827215187196
0.9442872022349721
0.9442914193538331
0.9442953631383624
0.9442990321452830
0.9443024301952029
0.9443055644378150
0.9443084440307626
0.9443110792674470
0.9443134809610576
0.9443156599799990
0.9443176269879778
0.9443193921902472
0.9443209651904201
0.9443223548899926
0.9443235694032386
0.9443246160088411
0.9443255011225742
0.9443262302544763
0.9443268080163449
0.9443272380997828
0.9443275232870655
0.9443276654150740
0.9443276654150740
0.9443275232870655
0.9443272380997828
0.9443268080163449
0.9443262302544763
0.9443255011225742
0.9443246160088411
0.9443235694032386
0.9443223548899926
0.9443209651904201
0.9443193921902472
0.9443176269879778
0.9443156599799990
0.9443134809610576
0.9443110792674470
0.9443084440307626
0.9443055644378150
0.9443024301952029
0.9442990321452830
0.9442953631383624
0.9442914193538331
0.9442872022349721
0.9442827215187196
0.9442780002318083
0.9442730840046776
0.9442753208913301
0.9442803805423533
0.9442852423356902
0.9442898590204774
0.9442942062897355
0.9442982734228715
0.9443020583250797
0.9443055644378150
0.9443087987644438
0.9443117704949264
0.9443144900740038
0.9443169685494380
0.9443192171015463
0.9443212466954081
0.9443230678843815
0.9443246906012949
0.9443261240660438
0.9443273766920809
0.9443284560268543
0.9443293687376120
0.9443301205329205
0.9443307162184295
0.9443311596190394
0.9443314536133373
0.9443316001305420
0.9443316001305420
0.9443314536133373
0.9443311596190394
0.9443307162184295
0.9443301205329205
0.9443293687376120
0.9443284560268543
0.9443273766920809
0.9443261240660438
0.9443246906012949
0.9443230678843815
0.9443212466954081
0.9443192171015463
0.9443169685494380
0.9443144900740038
0.9443117704949264
0.9443087987644438
0.9443055644378150
0.9443020583250797
0.9442982734228715
0.9442942062897355
0.9442898590204774
0.9442852423356902
0.9442803805423533
0.9442753208913301
0.9442773878545345
0.9442825762668677
0.9442875644275734
0.9442923037729987
0.9442967688711524
0.9443009481352106
0.9443048388400783
0.9443084440307626
0.9443117704949264
0.9443148273707750
0.9443176251669054
0.9443201750792922
0.9443224884934736
0.9443245766351639
0.9443264503113987
0.9443281197367943
0.9443295943866135
0.9443308829324946
0.9443319931636726
0.9443329319413224
0.9443337051773282
0.9443343178164038
0.9443347738221978
0.9443350761704314
0.9443352268523206
0.9443352268523206
0.9443350761704314
0.9443347738221978
0.9443343178164038
0.9443337051773282
0.9443329319413224
0.9443319931636726
0.9443308829324946
0.9443295943866135
0.9443281197367943
0.9443264503113987
0.9443245766351639
0.9443224884934736
0.9443201750792922
0.9443176251669054
0.9443148273707750
0.9443117704949264
0.9443084440307626
0.9443048388400783
0.9443009481352106
0.9442967688711524
0.9442923037729987
0.9442875644275734
0.9442825762668677
0.9442773878545345
0.9442792896932933
0.9442845934769927
0.9442896950362776
0.9442945447022606
0.9442991161029157
0.9443033968757204
0.9443073837166177
0.9443110792674470
0.9443144900740038
0.9443176251669054
0.9443204950479188
0.9443231110041093
0.9443254845492373
0.9443276271029106
0.9443295496723572
0.9443312626869822
0.9443327758477401
0.9443340980339581
0.9443352372325127
0.9443362004798562
0.9443369938577006
0.9443376224458785
0.9443380903114693
0.9443384005214766
0.9443385551149550
0.9443385551149550
0.9443384005214766
0.9443380903114693
0.9443376224458785
0.9443369938577006
0.9443362004798562
0.9443352372325127
0.9443340980339581
0.9443327758477401
0.9443312626869822
0.9443295496723572
0.9443276271029106
0.9443254845492373
0.9443231110041093
0.9443204950479188
0.9443176251669054
0.9443144900740038
0.9443110792674470
0.9443073837166177
0.9443033968757204
0.9442991161029157
0.9442945447022606
0.9442896950362776
0.9442845934769927
0.9442792896932933
0.9442810317967175
0.9442864387192051
0.9442916417686483
0.9442965903651226
0.9443012573242400
0.9443056296174112
0.9443097034114851
0.9443134809610576
0.9443169685494380
0.9443201750792922
0.9443231110041093
0.9443257876225954
0.9443282165671718
0.9443304093631008
0.9443323771784391
0.9443341306152854
0.9443356795431573
0.9443370330231603
0.9443381991982657
0.9443391852748551
0.9443399974520780
0.9443406409358446
0.9443411198902859
0.9443414374474522
0.9443415957051711
0.9443415957051711
0.9443414374474522
0.9443411198902859
0.9443406409358446
0.9443399974520780
0.9443391852748551
0.9443381991982657
0.9443370330231603
0.9443356795431573
0.9443341306152854
0.9443323771784391
0.9443304093631008
0.9443282165671718
0.9443257876225954
0.9443231110041093
0.9443201750792922
0.9443169685494380
0.9443134809610576
0.9443097034114851
0.9443056296174112
0.9443012573242400
0.9442965903651226
0.9442916417686483
0.9442864387192051
0.9442810317967175
0.9442826198806158
0.9442881187398161
0.9442934123408078
0.9442984493482464
0.9443032018845107
0.9443076563410000
0.9443118084048377
0.9443156599799990
0.9443192171015463
0.9443224884934736
0.9443254845492373
0.9443282165671718
0.9443306962101818
0.9443329350933127
0.9443349445004883
0.9443367351620643
0.9443383170906540
0.9443396994795263
0.9443408906175521
0.9443418978294580
0.9443427274355459
0.9443433847366254
0.9443438739789825
0.9443441983638274
0.9443443600220007
0.9443443600220007
0.9443441983638274
0.9443438739789825
0.9443433847366254
0.9443427274355459
0.9443418978294580
0.9443408906175521
0.9443396994795263
0.9443383170906540
0.9443367351620643
0.9443349445004883
0.9443329350933127
0.9443306962101818
0.9443282165671718
0.9443254845492373
0.9443224884934736
0.9443192171015463
0.9443156599799990
0.9443118084048377
0.9443076563410000
0.9443032018845107
0.9442984493482464
0.9442934123408078
0.9442881187398161
0.9442826198806158
0.9442840597320897
0.9442896402540284
0.9442950143536734
0.9443001300557916
0.9443049589001087
0.9443094867707301
0.9443137089447748
0.9443176269879778
0.9443212466954081
0.9443245766351639
0.9443276271029106
0.9443304093631008
0.9443329350933127
0.9443352159689465
0.9443372633378527
0.9443390880428545
0.9443407001908775
0.9443421090951514
0.9443433231583273
0.9443443497960372
0.9443451954430765
0.9443458654656727
0.9443463641877590
0.9443466948661400
0.9443468596599160
0.9443468596599160
0.9443466948661400
0.9443463641877590
0.9443458654656727
0.9443451954430765
0.9443443497960372
0.9443433231583273
0.9443421090951514
0.9443407001908775
0.9443390880428545
0.9443372633378527
0.9443352159689465
0.9443329350933127
0.9443304093631008
0.9443276271029106
0.9443245766351639
0.9443212466954081
0.9443176269879778
0.9443137089447748
0.9443094867707301
0.9443049589001087
0.9443001300557916
0.9442950143536734
0.9442896402540284
0.9442840597320897
0.9442853570666356
0.9442910098008597
0.9442964551374792
0.9443016405516613
0.9443065370945674
0.9443111302145857
0.9443154148223787
0.9443193921902472
0.9443230678843815
0.9443264503113987
0.9443295496723572
0.9443323771784391
0.9443349445004883
0.9443372633378527
0.9443393451041167
0.9443412006889954
0.9443428403005282
0.9443442733391471
0.9443455082821213
0.9443465526402943
0.9443474129201831
0.9443480945659245
0.9443486019561216
0.9443489383830724
0.9443491060446599
0.9443491060446599
0.9443489383830724
0.9443486019561216
0.9443480945659245
0.9443474129201831
0.9443465526402943
0.9443455082821213
0.9443442733391471
0.9443428403005282
0.9443412006889954
0.9443393451041167
0.9443372633378527
0.9443349445004883
0.9443323771784391
0.9443295496723572
0.9443264503113987
0.9443230678843815
0.9443193921902472
0.9443154148223787
0.9443111302145857
0.9443065370945674
0.9443016405516613
0.9442964551374792
0.9442910098008597
0.9442853570666356
0.9442865173846877
0.9442922336242425
0.9442977416344598
0.9443029884392115
0.9443079446718009
0.9443125954119914
0.9443169352468872
0.9443209651904201
0.9443246906012949
0.9443281197367943
0.9443312626869822
0.9443341306152854
0.9443367351620643
0.9443390880428545
0.9443412006889954
0.9443430840594460
0.9443447484093527
0.9443462032043479
0.9443474569979651
0.9443485173719341
0.9443493908883109
0.9443500830532395
0.9443505982868060
0.9443509399185420
0.9443511101803513
0.9443511101803513
0.9443509399185420
0.9443505982868060
0.9443500830532395
0.9443493908883109
0.9443485173719341
0.9443474569979651
0.9443462032043479
0.9443447484093527
0.9443430840594460
0.9443412006889954
0.9443390880428545
0.9443367351620643
0.9443341306152854
0.9443312626869822
0.9443281197367943
0.9443246906012946
0.9443209651904201
0.9443169352468872
0.9443125954119914
0.9443079446718009
0.9443029884392115
0.9442977416344598
0.9442922336242425
0.9442865173846877
0.9442875459005268
0.9442933175709834
0.9442988803172948
0.9443041807800899
0.9443091892358455
0.9443138904533406
0.9443182787456940
0.9443223548899926
0.9443261240660438
0.9443295943866135
0.9443327758477401
0.9443356795431573
0.9443383170906540
0.9443407001908775
0.9443428403005282
0.9443447484093527
0.9443464348152085
0.9443479090328812
0.9443491796756975
0.9443502543693314
0.9443511397313705
0.9443518413110306
0.9443523635728398
0.9443527098763392
0.9443528824679372
0.9443528824679372
0.9443527098763392
0.9443523635728398
0.9443518413110306
0.9443511397313705
0.9443502543693314
0.9443491796756975
0.9443479090328812
0.9443464348152085
0.9443447484093527
0.9443428403005282
0.9443407001908775
0.9443383170906540
0.9443356795431573
0.9443327758477401
0.9443295943866135
0.9443261240660438
0.9443223548899926
0.9443182787456940
0.9443138904533406
0.9443091892358455
0.9443041807800899
0.9442988803172948
0.9442933175709834
0.9442875459005268
0.9442884474216203
0.9442942670269002
0.9442998771201984
0.9443052240214495
0.9443102777212586
0.9443150227171905
0.9443194530854702
0.9443235694032386
0.9443273766920809
0.9443308829324946
0.9443340980339581
0.9443370330231603
0.9443396994795263
0.9443421090951514
0.9443442733391471
0.9443462032043479
0.9443479090328812
0.9443494003728675
0.9443506858786972
0.9443517732193075
0.9443526690508772
0.9443533789614946
0.9443539074403217
0.9443542578721912
0.9443544325233800
0.9443544325233800
0.9443542578721912
0.9443539074403217
0.9443533789614946
0.9443526690508772
0.9443517732193075
0.9443506858786972
0.9443494003728675
0.9443479090328812
0.9443462032043479
0.9443442733391471
0.9443421090951514
0.9443396994795263
0.9443370330231603
0.9443340980339581
0.9443308829324946
0.9443273766920809
0.9443235694032386
0.9443194530854702
0.9443150227171905
0.9443102777212586
0.9443052240214495
0.9442998771201984
0.9442942670269002
0.9442884474216203
0.9442892263419740
0.9442950868654536
0.9443007373876589
0.9443061239720529
0.9443112163580479
0.9443159988172207
0.9443204652323065
0.9443246160088411
0.9443284560268543
0.9443319931636726
0.9443352372325127
0.9443381991982657
0.9443408906175521
0.9443433231583273
0.9443455082821213
0.9443474569979651
0.9443491796756975
0.9443506858786972
0.9443519842946428
0.9443530826322608
0.9443539875700254
0.9443547047236861
0.9443552386159030
0.9443555926461967
0.9443557690966827
0.9443557690966827
0.9443555926461967
0.9443552386159030
0.9443547047236861
0.9443539875700254
0.9443530826322608
0.9443519842946428
0.9443506858786972
0.9443491796756975
0.9443474569979651
0.9443455082821213
0.9443433231583273
0.9443408906175521
0.9443381991982657
0.9443352372325127
0.9443319931636726
0.9443284560268543
0.9443246160088411
0.9443204652323065
0.9443159988172207
0.9443112163580479
0.9443061239720529
0.9443007373876589
0.9442950868654536
0.9442892263419740
0.9442898865630227
0.9442957814151738
0.9443014658606828
0.9443068857530225
0.9443120106283072
0.9443168245803263
0.9443213213242019
0.9443255011225742
0.9443293687376120
0.9443329319413224
0.9443362004798562
0.9443391852748551
0.9443418978294580
0.9443443497960372
0.9443465526402943
0.9443485173719341
0.9443502543693314
0.9443517732193075
0.9443530826322608
0.9443541903309348
0.9443551030375403
0.9443558263719929
0.9443563648805686
0.9443567219814045
0.9443568999576563
0.9443568999576563
0.9443567219814045
0.9443563648805686
0.9443558263719929
0.9443551030375403
0.9443541903309348
0.9443530826322608
0.9443517732193075
0.9443502543693314
0.9443485173719341
0.9443465526402943
0.9443443497960372
0.9443418978294580
0.9443391852748551
0.9443362004798562
0.9443329319413224
0.9443293687376120
0.9443255011225742
0.9443213213242019
0.9443168245803263
0.9443120106283072
0.9443068857530225
0.9443014658606828
0.9442957814151738
0.9442898865630227
0.9442904314736741
0.9442963544128314
0.9443020666173779
0.9443075137761027
0.9443126652643530
0.9443175050220338
0.9443220266397013
0.9443262302544763
0.9443301205329205
0.9443337051773282
0.9443369938577006
0.9443399974520780
0.9443427274355459
0.9443451954430765
0.9443474129201831
0.9443493908883109
0.9443511397313705
0.9443526690508772
0.9443539875700254
0.9443551030375403
0.9443560221716754
0.9443567506333471
0.9443572929774378
0.9443576526262658
0.9443578318752797
0.9443578318752797
0.9443576526262658
0.9443572929774378
0.9443567506333471
0.9443560221716754
0.9443551030375403
0.9443539875700254
0.9443526690508772
0.9443511397313705
0.9443493908883109
0.9443474129201831
0.9443451954430765
0.9443427274355459
0.9443399974520780
0.9443369938577006
0.9443337051773282
0.9443301205329205
0.9443262302544763
0.9443220266397013
0.9443175050220338
0.9443126652643530
0.9443075137761027
0.9443020666173779
0.9442963544128314
0.9442904314736741
0.9442908639378325
0.9442968090065202
0.9443025430935106
0.9443080117434718
0.9443131842136789
0.9443180443337843
0.9443225855807359
0.9443268080163449
0.9443307162184295
0.9443343178164038
0.9443376224458785
0.9443406409358446
0.9443433847366254
0.9443458654656727
0.9443480945659245
0.9443500830532395
0.9443518413110306
0.9443533789614946
0.9443547047236861
0.9443558263719929
0.9443567506333471
0.9443574831836904
0.9443580285750086
0.9443583902565584
0.9443585705184030
0.9443585705184030
0.9443583902565584
0.9443580285750086
0.9443574831836904
0.9443567506333471
0.9443558263719929
0.9443547047236861
0.9443533789614946
0.9443518413110306
0.9443500830532395
0.9443480945659245
0.9443458654656727
0.9443433847366254
0.9443406409358446
0.9443376224458785
0.9443343178164038
0.9443307162184295
0.9443268080163449
0.9443225855807359
0.9443180443337843
0.9443131842136789
0.9443080117434718
0.9443025430935106
0.9442968090065202
0.9442908639378325
0.9442911862577571
0.9442971477279276
0.9443028980254977
0.9443083826116044
0.9443135706481531
0.9443184458756960
0.9443230016961860
0.9443272380997828
0.9443311596190394
0.9443347738221978
0.9443380903114693
0.9443411198902859
0.9443438739789825
0.9443463641877590
0.9443486019561216
0.9443505982868060
0.9443523635728398
0.9443539074403217
0.9443552386159030
0.9443563648805686
0.9443572929774378
0.9443580285750086
0.9443585762525736
0.9443589394519524
0.9443591204728029
0.9443591204728029
0.9443589394519524
0.9443585762525736
0.9443580285750086
0.9443572929774378
0.9443563648805686
0.9443552386159030
0.9443539074403217
0.9443523635728398
0.9443505982868060
0.9443486019561216
0.9443463641877590
0.9443438739789825
0.9443411198902859
0.9443380903114693
0.9443347738221978
0.9443311596190394
0.9443272380997828
0.9443230016961860
0.9443184458756960
0.9443135706481531
0.9443083826116044
0.9443028980254977
0.9442971477279276
0.9442911862577571
0.9442914001705328
0.9442973724789767
0.9443031334989644
0.9443086286185384
0.9443138269506581
0.9443187121667862
0.9443232776295560
0.9443275232870655
0.9443314536133373
0.9443350761704314
0.9443384005214766
0.9443414374474522
0.9443441983638274
0.9443466948661400
0.9443489383830724
0.9443509399185420
0.9443527098763392
0.9443542578721912
0.9443555926461967
0.9443567219814045
0.9443576526262658
0.9443583902565584
0.9443589394519524
0.9443593036568528
0.9443594851844970
0.9443594851844970
0.9443593036568528
0.9443589394519524
0.9443583902565584
0.9443576526262658
0.9443567219814045
0.9443555926461967
0.9443542578721912
0.9443527098763392
0.9443509399185420
0.9443489383830724
0.9443466948661400
0.9443441983638274
0.9443414374474522
0.9443384005214766
0.9443350761704314
0.9443314536133373
0.9443275232870655
0.9443232776295560
0.9443187121667862
0.9443138269506581
0.9443086286185384
0.9443031334989644
0.9442973724789767
0.9442914001705328
0.9442915068359389
0.9442974845356784
0.9443032508866206
0.9443087512521418
0.9443139547015432
0.9443188448910061
0.9443234151578539
0.9443276654150740
0.9443316001305420
0.9443352268523206
0.9443385551149550
0.9443415957051711
0.9443443600220007
0.9443468596599160
0.9443491060446599
0.9443511101803513
0.9443528824679372
0.9443544325233800
0.9443557690966827
0.9443568999576563
0.9443578318752797
0.9443585705184030
0.9443591204728029
0.9443594851844970
0.9443596669599099
0.9443596669599099
0.9443594851844970
0.9443591204728029
0.9443585705184030
0.9443578318752797
0.9443568999576563
0.9443557690966827
0.9443544325233800
0.9443528824679372
0.9443511101803513
0.9443491060446599
0.9443468596599160
0.9443443600220007
0.9443415957051711
0.9443385551149550
0.9443352268523206
0.9443316001305420
0.9443276654150740
0.9443234151578539
0.9443188448910061
0.9443139547015432
0.9443087512521418
0.9443032508866206
0.9442974845356784
0.9442915068359389
0.9442915068359389
0.9442974845356784
0.9443032508866206
0.9443087512521418
0.9443139547015432
0.9443188448910061
0.9443234151578539
0.9443276654150740
0.9443316001305420
0.9443352268523206
0.9443385551149550
0.9443415957051711
0.9443443600220007
0.9443468596599160
0.9443491060446599
0.9443511101803513
0.9443528824679372
0.9443544325233800
0.9443557690966827
0.9443568999576563
0.9443578318752797
0.9443585705184030
0.9443591204728029
0.9443594851844970
0.9443596669599099
0.9443596669599099
0.9443594851844970
0.9443591204728029
0.9443585705184030
0.9443578318752797
0.9443568999576563
0.9443557690966827
0.9443544325233800
0.9443528824679372
0.9443511101803513
0.9443491060446599
0.9443468596599160
0.9443443600220007
0.9443415957051711
0.9443385551149550
0.9443352268523206
0.9443316001305420
0.9443276654150740
0.9443234151578539
0.9443188448910061
0.9443139547015432
0.9443087512521418
0.9443032508866206
0.9442974845356784
0.9442915068359389
0.9442914001705328
0.9442973724789767
0.9443031334989644
0.9443086286185384
0.9443138269506581
0.9443187121667862
0.9443232776295560
0.9443275232870655
0.9443314536133373
0.9443350761704314
0.9443384005214766
0.9443414374474522
0.9443441983638274
0.9443466948661400
0.9443489383830724
0.9443509399185420
0.9443527098763392
0.9443542578721912
0.9443555926461967
0.9443567219814045
0.9443576526262658
0.9443583902565584
0.9443589394519524
0.9443593036568528
0.9443594851844970
0.9443594851844970
0.9443593036568528
0.9443589394519524
0.9443583902565584
0.9443576526262658
0.9443567219814045
0.9443555926461967
0.9443542578721912
0.9443527098763392
0.9443509399185420
0.9443489383830724
0.9443466948661400
0.9443441983638274
0.9443414374474522
0.9443384005214766
0.9443350761704314
0.9443314536133373
0.9443275232870655
0.9443232776295560
0.9443187121667862
0.9443138269506581
0.9443086286185384
0.9443031334989644
0.9442973724789767
0.9442914001705328
0.9442911862577571
0.9442971477279276
0.9443028980254977
0.9443083826116044
0.9443135706481531
0.9443184458756960
0.9443230016961860
0.9443272380997828
0.9443311596190394
0.9443347738221978
0.9443380903114693
0.9443411198902859
0.9443438739789825
0.9443463641877590
0.9443486019561216
0.9443505982868060
0.9443523635728398
0.9443539074403217
0.9443552386159030
0.9443563648805686
0.9443572929774378
0.9443580285750086
0.9443585762525736
0.9443589394519524
0.9443591204728029
0.9443591204728029
0.9443589394519524
0.9443585762525736
0.9443580285750086
0.9443572929774378
0.9443563648805686
0.9443552386159030
0.9443539074403217
0.9443523635728398
0.9443505982868060
0.9443486019561216
0.9443463641877590
0.9443438739789825
0.9443411198902859
0.9443380903114693
0.9443347738221978
0.9443311596190394
0.9443272380997828
0.9443230016961860
0.9443184458756960
0.9443135706481531
0.9443083826116044
0.9443028980254977
0.9442971477279276
0.9442911862577571
0.9442908639378325
0.9442968090065202
0.9443025430935106
0.9443080117434718
0.9443131842136789
0.9443180443337843
0.9443225855807359
0.9443268080163449
0.9443307162184295
0.9443343178164038
0.9443376224458785
0.9443406409358446
0.9443433847366254
0.9443458654656727
0.9443480945659245
0.9443500830532395
0.9443518413110306
0.9443533789614946
0.9443547047236861
0.9443558263719929
0.9443567506333471
0.9443574831836904
0.9443580285750086
0.9443583902565584
0.9443585705184030
0.9443585705184030
0.9443583902565584
0.9443580285750086
0.9443574831836904
0.9443567506333471
0.9443558263719929
0.9443547047236861
0.9443533789614946
0.9443518413110306
0.9443500830532395
0.9443480945659245
0.9443458654656727
0.9443433847366254
0.9443406409358446
0.9443376224458785
0.9443343178164038
0.9443307162184295
0.9443268080163449
0.9443225855807359
0.9443180443337843
0.9443131842136789
0.9443080117434718
0.9443025430935106
0.9442968090065202
0.9442908639378325
0.9442904314736741
0.9442963544128314
0.9443020666173779
0.9443075137761027
0.9443126652643530
0.9443175050220338
0.9443220266397013
0.9443262302544763
0.9443301205329205
0.9443337051773282
0.9443369938577006
0.9443399974520780
0.9443427274355459
0.9443451954430765
0.9443474129201831
0.9443493908883109
0.9443511397313705
0.9443526690508772
0.9443539875700254
0.9443551030375403
0.9443560221716754
0.9443567506333471
0.9443572929774378
0.9443576526262658
0.9443578318752797
0.9443578318752797
0.9443576526262658
0.9443572929774378
0.9443567506333471
0.9443560221716754
0.9443551030375403
0.9443539875700254
0.9443526690508772
0.9443511397313705
0.9443493908883109
0.9443474129201831
0.9443451954430765
0.9443427274355459
0.9443399974520780
0.9443369938577006
0.9443337051773282
0.9443301205329205
0.9443262302544763
0.9443220266397013
0.9443175050220338
0.9443126652643530
0.9443075137761027
0.9443020666173779
0.9442963544128314
0.9442904314736741
0.9442898865630227
0.9442957814151738
0.9443014658606828
0.9443068857530225
0.9443120106283072
0.9443168245803263
0.9443213213242019
0.9443255011225742
0.9443293687376120
0.9443329319413224
0.9443362004798562
0.9443391852748551
0.9443418978294580
0.9443443497960372
0.9443465526402943
0.9443485173719341
0.9443502543693314
0.9443517732193075
0.9443530826322608
0.9443541903309348
0.9443551030375403
0.9443558263719929
0.9443563648805686
0.9443567219814045
0.9443568999576563
0.9443568999576563
0.9443567219814045
0.9443563648805686
0.9443558263719929
0.9443551030375403
0.9443541903309348
0.9443530826322608
0.9443517732193075
0.9443502543693314
0.9443485173719341
0.9443465526402943
0.9443443497960372
0.9443418978294580
0.9443391852748551
0.9443362004798562
0.9443329319413224
0.9443293687376120
0.9443255011225742
0.9443213213242019
0.9443168245803263
0.9443120106283072
0.9443068857530225
0.9443014658606828
0.9442957814151738
0.9442898865630227
0.9442892263419740
0.9442950868654536
0.9443007373876589
0.9443061239720529
0.9443112163580479
0.9443159988172207
0.9443204652323065
0.9443246160088411
0.9443284560268543
0.9443319931636726
0.9443352372325127
0.9443381991982657
0.9443408906175521
0.9443433231583273
0.9443455082821213
0.9443474569979651
0.9443491796756975
0.9443506858786972
0.9443519842946428
0.9443530826322608
0.9443539875700254
0.9443547047236861
0.9443552386159030
0.9443555926461967
0.9443557690966827
0.9443557690966827
0.9443555926461967
0.9443552386159030
0.9443547047236861
0.9443539875700254
0.9443530826322608
0.9443519842946428
0.9443506858786972
0.9443491796756975
0.9443474569979651
0.9443455082821213
0.9443433231583273
0.9443408906175521
0.9443381991982657
0.9443352372325127
0.9443319931636726
0.9443284560268543
0.9443246160088411
0.9443204652323065
0.9443159988172207
0.9443112163580479
0.9443061239720529
0.9443007373876589
0.9442950868654536
0.9442892263419740
0.9442884474216203
0.9442942670269002
0.9442998771201984
0.9443052240214495
0.9443102777212586
0.9443150227171905
0.9443194530854702
0.9443235694032386
0.9443273766920809
0.9443308829324946
0.9443340980339581
0.9443370330231603
0.9443396994795263
0.9443421090951514
0.9443442733391471
0.9443462032043479
0.9443479090328812
0.9443494003728675
0.9443506858786972
0.9443517732193075
0.9443526690508772
0.9443533789614946
0.9443539074403217
0.9443542578721912
0.9443544325233800
0.9443544325233800
0.9443542578721912
0.9443539074403217
0.9443533789614946
0.9443526690508772
0.9443517732193075
0.9443506858786972
0.9443494003728675
0.9443479090328812
0.9443462032043479
0.9443442733391471
0.9443421090951514
0.9443396994795263
0.9443370330231603
0.9443340980339581
0.9443308829324946
0.9443273766920809
0.9443235694032386
0.9443194530854702
0.9443150227171905
0.9443102777212586
0.9443052240214495
0.9442998771201984
0.9442942670269002
0.9442884474216203
0.9442875459005268
0.9442933175709834
0.9442988803172948
0.9443041807800899
0.9443091892358455
0.9443138904533406
0.9443182787456940
0.9443223548899926
0.9443261240660438
0.9443295943866135
0.9443327758477401
0.9443356795431573
0.9443383170906540
0.9443407001908775
0.9443428403005282
0.9443447484093527
0.9443464348152085
0.9443479090328812
0.9443491796756975
0.9443502543693314
0.9443511397313705
0.9443518413110306
0.9443523635728398
0.9443527098763392
0.9443528824679372
0.9443528824679372
0.9443527098763392
0.9443523635728398
0.9443518413110306
0.9443511397313705
0.9443502543693314
0.9443491796756975
0.9443479090328812
0.9443464348152085
0.9443447484093527
0.9443428403005282
0.9443407001908775
0.9443383170906540
0.9443356795431573
0.9443327758477401
0.9443295943866135
0.9443261240660438
0.9443223548899926
0.9443182787456940
0.9443138904533406
0.9443091892358455
0.9443041807800899
0.9442988803172948
0.9442933175709834
0.9442875459005268
0.9442865173846877
0.9442922336242425
0.9442977416344598
0.9443029884392115
0.9443079446718009
0.9443125954119914
0.9443169352468872
0.9443209651904201
0.9443246906012949
0.9443281197367943
0.9443312626869822
0.9443341306152854
0.9443367351620643
0.9443390880428545
0.9443412006889954
0.9443430840594460
0.9443447484093527
0.9443462032043479
0.9443474569979651
0.9443485173719341
0.9443493908883109
0.9443500830532395
0.9443505982868060
0.9443509399185420
0.9443511101803513
0.9443511101803513
0.9443509399185420
0.9443505982868060
0.9443500830532395
0.9443493908883109
0.9443485173719341
0.9443474569979651
0.9443462032043479
0.9443447484093527
0.9443430840594460
0.9443412006889954
0.9443390880428545
0.9443367351620643
0.9443341306152854
0.9443312626869822
0.9443281197367943
0.9443246906012949
0.9443209651904201
0.9443169352468872
0.9443125954119914
0.9443079446718009
0.9443029884392115
0.9442977416344598
0.9442922336242425
0.9442865173846877
0.9442853570666356
0.9442910098008597
0.9442964551374792
0.9443016405516613
0.9443065370945674
0.9443111302145857
0.9443154148223787
0.9443193921902472
0.9443230678843815
0.9443264503113987
0.9443295496723572
0.9443323771784391
0.9443349445004883
0.9443372633378527
0.9443393451041167
0.9443412006889954
0.9443428403005282
0.9443442733391471
0.9443455082821213
0.9443465526402943
0.9443474129201831
0.9443480945659245
0.9443486019561216
0.9443489383830724
0.9443491060446599
0.9443491060446599
0.9443489383830724
0.9443486019561216
0.9443480945659245
0.9443474129201831
0.9443465526402943
0.9443455082821213
0.9443442733391471
0.9443428403005282
0.9443412006889954
0.9443393451041167
0.9443372633378527
0.9443349445004883
0.9443323771784391
0.9443295496723572
0.9443264503113987
0.9443230678843815
0.9443193921902472
0.9443154148223787
0.9443111302145857
0.9443065370945674
0.9443016405516613
0.9442964551374792
0.9442910098008597
0.9442853570666356
0.9442840597320897
0.9442896402540284
0.9442950143536734
0.9443001300557916
0.9443049589001087
0.9443094867707301
0.9443137089447748
0.9443176269879778
0.9443212466954081
0.9443245766351639
0.9443276271029106
0.9443304093631008
0.9443329350933127
0.9443352159689465
0.9443372633378527
0.9443390880428545
0.9443407001908775
0.9443421090951514
0.9443433231583273
0.9443443497960372
0.9443451954430765
0.9443458654656727
0.9443463641877590
0.9443466948661400
0.9443468596599160
0.9443468596599160
0.9443466948661400
0.9443463641877590
0.9443458654656727
0.9443451954430765
0.9443443497960372
0.9443433231583273
0.9443421090951514
0.9443407001908775
0.9443390880428545
0.9443372633378527
0.9443352159689465
0.9443329350933127
0.9443304093631008
0.9443276271029106
0.9443245766351639
0.9443212466954081
0.9443176269879778
0.9443137089447748
0.9443094867707301
0.9443049589001087
0.9443001300557916
0.9442950143536734
0.9442896402540284
0.9442840597320897
0.9442826198806158
0.9442881187398161
0.9442934123408078
0.9442984493482464
0.9443032018845107
0.9443076563410000
0.9443118084048377
0.9443156599799990
0.9443192171015463
0.9443224884934736
0.9443254845492373
0.9443282165671718
0.9443306962101818
0.9443329350933127
0.9443349445004883
0.9443367351620643
0.9443383170906540
0.9443396994795263
0.9443408906175521
0.9443418978294580
0.9443427274355459
0.9443433847366254
0.9443438739789825
0.9443441983638274
0.9443443600220007
0.9443443600220007
0.9443441983638274
0.9443438739789825
0.9443433847366254
0.9443427274355459
0.9443418978294580
0.9443408906175521
0.9443396994795263
0.9443383170906540
0.9443367351620643
0.9443349445004883
0.9443329350933127
0.9443306962101818
0.9443282165671718
0.9443254845492373
0.9443224884934736
0.9443192171015463
0.9443156599799990
0.9443118084048377
0.9443076563410000
0.9443032018845107
0.9442984493482464
0.9442934123408078
0.9442881187398161
0.9442826198806158
0.9442810317967175
0.9442864387192051
0.9442916417686483
0.9442965903651226
0.9443012573242400
0.9443056296174112
0.9443097034114851
0.9443134809610576
0.9443169685494380
0.9443201750792922
0.9443231110041093
0.9443257876225954
0.9443282165671718
0.9443304093631008
0.9443323771784391
0.9443341306152854
0.9443356795431573
0.9443370330231603
0.9443381991982657
0.9443391852748551
0.9443399974520780
0.9443406409358446
0.9443411198902859
0.9443414374474522
0.9443415957051711
0.9443415957051711
0.9443414374474522
0.9443411198902859
0.9443406409358446
0.9443399974520780
0.9443391852748551
0.9443381991982657
0.9443370330231603
0.9443356795431573
0.9443341306152854
0.9443323771784391
0.9443304093631008
0.9443282165671718
0.9443257876225954
0.9443231110041093
0.9443201750792922
0.9443169685494380
0.9443134809610576
0.9443097034114851
0.9443056296174112
0.9443012573242400
0.9442965903651226
0.9442916417686483
0.9442864387192051
0.9442810317967175
0.9442792896932933
0.9442845934769927
0.9442896950362776
0.9442945447022606
0.9442991161029157
0.9443033968757204
0.9443073837166177
0.9443110792674470
0.9443144900740038
0.9443176251669054
0.9443204950479188
0.9443231110041093
0.9443254845492373
0.9443276271029106
0.9443295496723572
0.9443312626869822
0.9443327758477401
0.9443340980339581
0.9443352372325127
0.9443362004798562
0.9443369938577006
0.9443376224458785
0.9443380903114693
0.9443384005214766
0.9443385551149550
0.9443385551149550
0.9443384005214766
0.9443380903114693
0.9443376224458785
0.9443369938577006
0.9443362004798562
0.9443352372325127
0.9443340980339581
0.9443327758477401
0.9443312626869822
0.9443295496723572
0.9443276271029106
0.9443254845492373
0.9443231110041093
0.9443204950479188
0.9443176251669054
0.9443144900740038
0.9443110792674470
0.9443073837166177
0.9443033968757204
0.9442991161029157
0.9442945447022606
0.9442896950362776
0.9442845934769927
0.9442792896932933
0.9442773878545345
0.9442825762668677
0.9442875644275734
0.9442923037729987
0.9442967688711524
0.9443009481352106
0.9443048388400783
0.9443084440307626
0.9443117704949264
0.9443148273707750
0.9443176251669054
0.9443201750792922
0.9443224884934736
0.9443245766351639
0.9443264503113987
0.9443281197367943
0.9443295943866135
0.9443308829324946
0.9443319931636726
0.9443329319413224
0.9443337051773282
0.9443343178164038
0.9443347738221978
0.9443350761704314
0.9443352268523206
0.9443352268523206
0.9443350761704314
0.9443347738221978
0.9443343178164038
0.9443337051773282
0.9443329319413224
0.9443319931636726
0.9443308829324946
0.9443295943866135
0.9443281197367943
0.9443264503113987
0.9443245766351639
0.9443224884934736
0.9443201750792922
0.9443176251669054
0.9443148273707750
0.9443117704949264
0.9443084440307626
0.9443048388400783
0.9443009481352106
0.9442967688711524
0.9442923037729987
0.9442875644275734
0.9442825762668677
0.9442773878545345
0.9442753208913301
0.9442803805423533
0.9442852423356902
0.9442898590204774
0.9442942062897355
0.9442982734228715
0.9443020583250797
0.9443055644378150
0.9443087987644438
0.9443117704949264
0.9443144900740038
0.9443169685494380
0.9443192171015463
0.9443212466954081
0.9443230678843815
0.9443246906012949
0.9443261240660438
0.9443273766920809
0.9443284560268543
0.9443293687376120
0.9443301205329205
0.9443307162184295
0.9443311596190394
0.9443314536133373
0.9443316001305420
0.9443316001305420
0.9443314536133373
0.9443311596190394
0.9443307162184295
0.9443301205329205
0.9443293687376120
0.9443284560268543
0.9443273766920809
0.9443261240660438
0.9443246906012946
0.9443230678843815
0.9443212466954081
0.9443192171015463
0.9443169685494380
0.9443144900740038
0.9443117704949264
0.9443087987644438
0.9443055644378150
0.9443020583250797
0.9442982734228715
0.9442942062897355
0.9442898590204774
0.9442852423356902
0.9442803805423533
0.9442753208913301
0.9442730840046776
0.9442780002318083
0.9442827215187196
0.9442872022349721
0.9442914193538331
0.9442953631383624
0.9442990321452830
0.9443024301952029
0.9443055644378150
0.9443084440307626
0.9443110792674470
0.9443134809610576
0.9443156599799990
0.9443176269879778
0.9443193921902472
0.9443209651904201
0.9443223548899926
0.9443235694032386
0.9443246160088411
0.9443255011225742
0.9443262302544763
0.9443268080163449
0.9443272380997828
0.9443275232870655
0.9443276654150740
0.9443276654150740
0.9443275232870655
0.9443272380997828
0.9443268080163449
0.9443262302544763
0.9443255011225742
0.9443246160088411
0.9443235694032386
0.9443223548899926
0.9443209651904201
0.9443193921902472
0.9443176269879778
0.9443156599799990
0.9443134809610576
0.9443110792674470
0.9443084440307626
0.9443055644378150
0.9443024301952029
0.9442990321452830
0.9442953631383624
0.9442914193538331
0.9442872022349721
0.9442827215187196
0.9442780002318083
0.9442730840046776
0.9442706733776738
0.9442754301075880
0.9442799955235950
0.9442843259392205
0.9442883998452253
0.9442922085590055
0.9442957512837301
0.9442990321452830
0.9443020583250797
0.9443048388400783
0.9443073837166177
0.9443097034114851
0.9443118084048377
0.9443137089447748
0.9443154148223787
0.9443169352468872
0.9443182787456940
0.9443194530854702
0.9443204652323065
0.9443213213242019
0.9443220266397013
0.9443225855807359
0.9443230016961860
0.9443232776295560
0.9443234151578539
0.9443234151578539
0.9443232776295560
0.9443230016961860
0.9443225855807359
0.9443220266397013
0.9443213213242019
0.9443204652323065
0.9443194530854702
0.9443182787456940
0.9443169352468872
0.9443154148223787
0.9443137089447748
0.9443118084048377
0.9443097034114851
0.9443073837166177
0.9443048388400783
0.9443020583250797
0.9442990321452830
0.9442957512837301
0.9442922085590055
0.9442883998452253
0.9442843259392205
0.9442799955235950
0.9442754301075880
0.9442706733776738
0.9442680867121190
0.9442726663249639
0.9442770592149552
0.9442812240437671
0.9442851410444446
0.9442888026254513
0.9442922085590055
0.9442953631383624
0.9442982734228715
0.9443009481352106
0.9443033968757204
0.9443056296174112
0.9443076563410000
0.9443094867707301
0.9443111302145857
0.9443125954119914
0.9443138904533406
0.9443150227171905
0.9443159988172207
0.9443168245803263
0.9443175050220338
0.9443180443337843
0.9443184458756960
0.9443187121667862
0.9443188448910061
0.9443188448910061
0.9443187121667862
0.9443184458756960
0.9443180443337843
0.9443175050220338
0.9443168245803263
0.9443159988172207
0.9443150227171905
0.9443138904533406
0.9443125954119914
0.9443111302145857
0.9443094867707301
0.9443076563410000
0.9443056296174112
0.9443033968757204
0.9443009481352106
0.9442982734228715
0.9442953631383624
0.9442922085590055
0.9442888026254513
0.9442851410444446
0.9442812240437671
0.9442770592149552
0.9442726663249639
0.9442680867121190
0.9442653239153992
0.9442697071375269
0.9442739095512335
0.9442778926998787
0.9442816387095380
0.9442851410444446
0.9442883998452253
0.9442914193538331
0.9442942062897355
0.9442967688711524
0.9442991161029157
0.9443012573242400
0.9443032018845107
0.9443049589001087
0.9443065370945674
0.9443079446718009
0.9443091892358455
0.9443102777212586
0.9443112163580479
0.9443120106283072
0.9443126652643530
0.9443131842136789
0.9443135706481531
0.9443138269506581
0.9443139547015432
0.9443139547015432
0.9443138269506581
0.9443135706481531
0.9443131842136789
0.9443126652643530
0.9443120106283072
0.9443112163580479
0.9443102777212586
0.9443091892358455
0.9443079446718009
0.9443065370945674
0.9443049589001087
0.9443032018845107
0.9443012573242400
0.9442991161029157
0.9442967688711524
0.9442942062897355
0.9442914193538331
0.9442883998452253
0.9442851410444446
0.9442816387095380
0.9442778926998787
0.9442739095512335
0.9442697071375269
0.9442653239153992
0.9442623881504211
0.9442665539534325
0.9442705468045784
0.9442743316992006
0.9442778926998787
0.9442812240437671
0.9442843259392205
0.9442872022349721
0.9442898590204774
0.9442923037729987
0.9442945447022606
0.9442965903651226
0.9442984493482464
0.9443001300557916
0.9443016405516613
0.9443029884392115
0.9443041807800899
0.9443052240214495
0.9443061239720529
0.9443068857530225
0.9443075137761027
0.9443080117434718
0.9443083826116044
0.9443086286185384
0.9443087512521418
0.9443087512521418
0.9443086286185384
0.9443083826116044
0.9443080117434718
0.9443075137761027
0.9443068857530225
0.9443061239720529
0.9443052240214495
0.9443041807800899
0.9443029884392115
0.9443016405516613
0.9443001300557916
0.9442984493482464
0.9442965903651226
0.9442945447022606
0.9442923037729987
0.9442898590204774
0.9442872022349721
0.9442843259392205
0.9442812240437671
0.9442778926998787
0.9442743316992006
0.9442705468045784
0.9442665539534325
0.9442623881504211
0.9442592873353095
0.9442632129570878
0.9442669764951287
0.9442705468045784
0.9442739095512335
0.9442770592149552
0.9442799955235950
0.9442827215187196
0.9442852423356902
0.9442875644275734
0.9442896950362776
0.9442916417686483
0.9442934123408078
0.9442950143536734
0.9442964551374792
0.9442977416344598
0.9442988803172948
0.9442998771201984
0.9443007373876589
0.9443014658606828
0.9443020666173779
0.9443025430935106
0.9443028980254977
0.9443031334989644
0.9443032508866206
0.9443032508866206
0.9443031334989644
0.9443028980254977
0.9443025430935106
0.9443020666173779
0.9443014658606828
0.9443007373876589
0.9442998771201984
0.9442988803172948
0.9442977416344598
0.9442964551374792
0.9442950143536734
0.9442934123408078
0.9442916417686483
0.9442896950362776
0.9442875644275734
0.9442852423356902
0.9442827215187196
0.9442799955235950
0.9442770592149552
0.9442739095512335
0.9442705468045784
0.9442669764951287
0.9442632129570878
0.9442592873353095
0.9442560365827454
0.9442596979555178
0.9442632129570878
0.9442665539534325
0.9442697071375269
0.9442726663249639
0.9442754301075880
0.9442780002318083
0.9442803805423533
0.9442825762668677
0.9442845934769927
0.9442864387192051
0.9442881187398161
0.9442896402540284
0.9442910098008597
0.9442922336242425
0.9442933175709834
0.9442942670269002
0.9442950868654536
0.9442957814151738
0.9442963544128314
0.9442968090065202
0.9442971477279276
0.9442973724789767
0.9442974845356784
0.9442974845356784
0.9442973724789767
0.9442971477279276
0.9442968090065202
0.9442963544128314
0.9442957814151738
0.9442950868654536
0.9442942670269002
0.9442933175709834
0.9442922336242425
0.9442910098008597
0.9442896402540284
0.9442881187398161
0.9442864387192051
0.9442845934769927
0.9442825762668677
0.9442803805423533
0.9442780002318083
0.9442754301075880
0.9442726663249639
0.9442697071375269
0.9442665539534325
0.9442632129570878
0.9442596979555178
0.9442560365827454
0.9442526627593433
0.9442560365827454
0.9442592873353095
0.9442623881504211
0.9442653239153992
0.9442680867121190
0.9442706733776738
0.9442730840046776
0.9442753208913301
0.9442773878545345
0.9442792896932933
0.9442810317967175
0.9442826198806158
0.9442840597320897
0.9442853570666356
0.9442865173846877
0.9442875459005268
0.9442884474216203
0.9442892263419740
0.9442898865630227
0.9442904314736741
0.9442908639378325
0.9442911862577571
0.9442914001705328
0.9442915068359389
0.9442915068359389
0.9442914001705328
0.9442911862577571
0.9442908639378325
0.9442904314736741
0.9442898865630227
0.9442892263419740
0.9442884474216203
0.9442875459005268
0.9442865173846877
0.9442853570666356
0.9442840597320897
0.9442826198806158
0.9442810317967175
0.9442792896932933
0.9442773878545345
0.9442753208913301
0.9442730840046776
0.9442706733776738
0.9442680867121190
0.9442653239153992
0.9442623881504211
0.9442592873353095
0.9442560365827454
0.9442526627593433
