RW,Z
0.0489342636516548,12.3374544662132646
0.0490088736301497
0.0490773117986859
0.0491389516346614
0.0491937273675400
0.0492418497726291
0.0492836638750984
0.0493195691753428
0.0493499725237337
0.0493752596256790
0.0493957777117203
0.0494118250733785
0.0494236448603024
0.0494314215117006
0.0494352787926246
0.0494352787926238
0.0494314215117006
0.0494236448603024
0.0494118250733786
0.0493957777117202
0.0493752596256790
0.0493499725237337
0.0493195691753427
0.0492836638750983
0.0492418497726289
0.0491937273675386
0.0491389516346614
0.0490773117986859
0.0490088736301497
0.0489342636516550
0.0490088736301497
0.0490925036018920
0.0491686593330345
0.0492367816441665
0.0492969650029297
0.0493495784959955
0.0493951057569845
0.0494340631022126
0.0494669540445772
0.0494942431996738
0.0495163412720391
0.0495335965802848
0.0495462904660956
0.0495546349700880
0.0495587717710013
0.0495587717710014
0.0495546349700880
0.0495462904660960
0.0495335965802852
0.0495163412720391
0.0494942431996739
0.0494669540445773
0.0494340631022126
0.0493951057569844
0.0493495784959954
0.0492969650029297
0.0492367816441658
0.0491686593330345
0.0490925036018920
0.0490088736301497
0.0490773117986860
0.0491686593330345
0.0492516868378428
0.0493257322995826
0.0493909374946521
0.0494477665203591
0.0494968050367439
0.0495386638967987
0.0495739290634613
0.0496031346659196
0.0496267485152721
0.0496451645878962
0.0496586994285274
0.0496675906921454
0.0496719967553589
0.0496719967553588
0.0496675906921454
0.0496586994285274
0.0496451645878962
0.0496267485152721
0.0496031346659196
0.0495739290634613
0.0495386638967987
0.0494968050367439
0.0494477665203591
0.0493909374946521
0.0493257322995826
0.0492516868378428
0.0491686593330344
0.0490773117986860
0.0491389516346614
0.0492367816441665
0.0493257322995827
0.0494050090525942
0.0494747341338459
0.0495354110572155
0.0495876883418534
0.0496322447325860
0.0496697304977743
0.0497007367972266
0.0497257798791310
0.0497452933374805
0.0497596247493529
0.0497690345959859
0.0497736962403030
0.0497736962403030
0.0497690345959859
0.0497596247493529
0.0497452933374805
0.0497257798791310
0.0497007367972266
0.0496697304977744
0.0496322447325860
0.0495876883418534
0.0495354110572155
0.0494747341338459
0.0494050090525942
0.0493257322995827
0.0492367816441665
0.0491389516346614
0.0491937273675386
0.0492969650029289
0.0493909374946521
0.0494747341338459
0.0495484326371922
0.0496125413836130
0.0496677408896490
0.0497147536233061
0.0497542761453832
0.0497869434825362
0.0498133107900928
0.0498338444443810
0.0498489182378702
0.0498588122123919
0.0498637126940671
0.0498637126940671
0.0498588122123919
0.0498489182378703
0.0498338444443810
0.0498133107900928
0.0497869434825362
0.0497542761453831
0.0497147536233060
0.0496677408896490
0.0496125413836130
0.0495484326371922
0.0494747341338459
0.0493909374946521
0.0492969650029289
0.0491937273675387
0.0492418497726290
0.0493495784959954
0.0494477665203591
0.0495354110572155
0.0496125413836124
0.0496796534583985
0.0497374394497300
0.0497866469417705
0.0498280034328629
0.0498621757718563
0.0498897488483440
0.0499112149954078
0.0499269692812487
0.0499373078954887
0.0499424279861627
0.0499424279861627
0.0499373078954887
0.0499269692812487
0.0499112149954078
0.0498897488483440
0.0498621757718563
0.0498280034328632
0.0497866469417705
0.0497374394497300
0.0496796534583985
0.0496125413836124
0.0495354110572153
0.0494477665203591
0.0493495784959954
0.0492418497726290
0.0492836638750982
0.0493951057569843
0.0494968050367441
0.0495876883418534
0.0496677408896490
0.0497374394497300
0.0497974760294904
0.0498486105043885
0.0498915895167456
0.0499271017565138
0.0499557538129929
0.0499780577468864
0.0499944252552051
0.0500051653939119
0.0500104840435770
0.0500104840435770
0.0500051653939119
0.0499944252552051
0.0499780577468864
0.0499557538129929
0.0499271017565137
0.0498915895167456
0.0498486105043885
0.0497974760294904
0.0497374394497300
0.0496677408896490
0.0495876883418534
0.0494968050367441
0.0493951057569843
0.0492836638750982
0.0493195691753426
0.0494340631022129
0.0495386638967989
0.0496322447325860
0.0497147536233064
0.0497866469417705
0.0498486105043883
0.0499014083739423
0.0499457979584884
0.0499824821117135
0.0500120825731230
0.0500351258279656
0.0500520361155533
0.0500631324036897
0.0500686273936611
0.0500686273936611
0.0500631324036897
0.0500520361155533
0.0500351258279656
0.0500120825731230
0.0499824821117136
0.0499457979584884
0.0499014083739423
0.0498486105043883
0.0497866469417703
0.0497147536233064
0.0496322447325860
0.0495386638967989
0.0494340631022129
0.0493195691753426
0.0493499725237339
0.0494669540445772
0.0495739290634612
0.0496697304977744
0.0497542761453829
0.0498280034328632
0.0498915895167456
0.0499457979584888
0.0499913913650750
0.0500290811969855
0.0500594993067215
0.0500831823375335
0.0501005636703281
0.0501119696646128
0.0501176181839936
0.0501176181839936
0.0501119696646123
0.0501005636703281
0.0500831823375335
0.0500594993067215
0.0500290811969855
0.0499913913650750
0.0499457979584884
0.0498915895167453
0.0498280034328632
0.0497542761453829
0.0496697304977744
0.0495739290634612
0.0494669540445772
0.0493499725237337
0.0493752596256790
0.0494942431996737
0.0496031346659190
0.0497007367972266
0.0497869434825362
0.0498621757718563
0.0499271017565133
0.0499824821117125
0.0500290811969855
0.0500676152767892
0.0500987226346565
0.0501229468009657
0.0501407275979563
0.0501523967237877
0.0501581758292958
0.0501581758292958
0.0501523967237877
0.0501407275979563
0.0501229468009657
0.0500987226346565
0.0500676152767892
0.0500290811969848
0.0499824821117123
0.0499271017565137
0.0498621757718560
0.0497869434825362
0.0497007367972266
0.0496031346659190
0.0494942431996740
0.0493752596256790
0.0493957777117207
0.0495163412720388
0.0496267485152721
0.0497257798791310
0.0498133107900928
0.0498897488483440
0.0499557538129927
0.0500120825731226
0.0500594993067215
0.0500987226346565
0.0501303947085819
0.0501550635457651
0.0501731733515961
0.0501850595549508
0.0501909464970103
0.0501909464970101
0.0501850595549508
0.0501731733515961
0.0501550635457651
0.0501303947085819
0.0500987226346565
0.0500594993067216
0.0500120825731226
0.0499557538129927
0.0498897488483440
0.0498133107900928
0.0497257798791310
0.0496267485152717
0.0495163412720393
0.0493957777117202
0.0494118250733786
0.0495335965802852
0.0496451645878962
0.0497452933374803
0.0498338444443811
0.0499112149954078
0.0499780577468864
0.0500351258279665
0.0500831823375335
0.0501229468009657
0.0501550635457651
0.0501800833857812
0.0501984533958350
0.0502105115170020
0.0502164839327297
0.0502164839327297
0.0502105115170021
0.0501984533958350
0.0501800833857812
0.0501550635457651
0.0501229468009657
0.0500831823375335
0.0500351258279665
0.0499780577468861
0.0499112149954078
0.0498338444443810
0.0497452933374803
0.0496451645878962
0.0495335965802847
0.0494118250733784
0.0494236448603019
0.0495462904660956
0.0496586994285275
0.0497596247493534
0.0498489182378703
0.0499269692812487
0.0499944252552051
0.0500520361155535
0.0501005636703281
0.0501407275979564
0.0501731733515958
0.0501984533958352
0.0502170165924330
0.0502292024921821
0.0502352384784323
0.0502352384784322
0.0502292024921822
0.0502170165924328
0.0501984533958352
0.0501731733515958
0.0501407275979564
0.0501005636703281
0.0500520361155535
0.0499944252552051
0.0499269692812487
0.0498489182378704
0.0497596247493531
0.0496586994285275
0.0495462904660956
0.0494236448603019
0.0494314215117013
0.0495546349700880
0.0496675906921454
0.0497690345959860
0.0498588122123919
0.0499373078954888
0.0500051653939119
0.0500631324036898
0.0501119696646124
0.0501523967237879
0.0501850595549508
0.0502105115170022
0.0502292024921823
0.0502414729747592
0.0502475510614812
0.0502475510614812
0.0502414729747594
0.0502292024921823
0.0502105115170022
0.0501850595549508
0.0501523967237876
0.0501119696646124
0.0500631324036897
0.0500051653939119
0.0499373078954888
0.0498588122123919
0.0497690345959860
0.0496675906921454
0.0495546349700880
0.0494314215117013
0.0494352787926247
0.0495587717710016
0.0496719967553588
0.0497736962403030
0.0498637126940671
0.0499424279861626
0.0500104840435769
0.0500686273936611
0.0501176181839933
0.0501581758292962
0.0501909464970103
0.0502164839327297
0.0502352384784324
0.0502475510614816
0.0502536501094346
0.0502536501094344
0.0502475510614812
0.0502352384784324
0.0502164839327297
0.0501909464970101
0.0501581758292962
0.0501176181839933
0.0500686273936611
0.0500104840435771
0.0499424279861626
0.0498637126940671
0.0497736962403030
0.0496719967553588
0.0495587717710016
0.0494352787926246
0.0494352787926245
0.0495587717710016
0.0496719967553589
0.0497736962403030
0.0498637126940671
0.0499424279861626
0.0500104840435770
0.0500686273936611
0.0501176181839936
0.0501581758292958
0.0501909464970103
0.0502164839327294
0.0502352384784324
0.0502475510614811
0.0502536501094344
0.0502536501094344
0.0502475510614812
0.0502352384784324
0.0502164839327294
0.0501909464970103
0.0501581758292960
0.0501176181839936
0.0500686273936611
0.0500104840435771
0.0499424279861626
0.0498637126940671
0.0497736962403030
0.0496719967553588
0.0495587717710016
0.0494352787926245
0.0494314215117007
0.0495546349700880
0.0496675906921454
0.0497690345959860
0.0498588122123920
0.0499373078954889
0.0500051653939120
0.0500631324036897
0.0501119696646128
0.0501523967237877
0.0501850595549508
0.0502105115170023
0.0502292024921821
0.0502414729747592
0.0502475510614816
0.0502475510614816
0.0502414729747592
0.0502292024921821
0.0502105115170020
0.0501850595549508
0.0501523967237877
0.0501119696646128
0.0500631324036897
0.0500051653939120
0.0499373078954889
0.0498588122123915
0.0497690345959860
0.0496675906921454
0.0495546349700880
0.0494314215117007
0.0494236448603021
0.0495462904660957
0.0496586994285274
0.0497596247493533
0.0498489182378701
0.0499269692812487
0.0499944252552050
0.0500520361155533
0.0501005636703281
0.0501407275979563
0.0501731733515959
0.0501984533958350
0.0502170165924335
0.0502292024921824
0.0502352384784324
0.0502352384784324
0.0502292024921824
0.0502170165924335
0.0501984533958348
0.0501731733515959
0.0501407275979563
0.0501005636703281
0.0500520361155533
0.0499944252552050
0.0499269692812491
0.0498489182378701
0.0497596247493533
0.0496586994285274
0.0495462904660960
0.0494236448603023
0.0494118250733785
0.0495335965802849
0.0496451645878963
0.0497452933374805
0.0498338444443810
0.0499112149954075
0.0499780577468870
0.0500351258279657
0.0500831823375336
0.0501229468009657
0.0501550635457651
0.0501800833857818
0.0501984533958352
0.0502105115170020
0.0502164839327295
0.0502164839327297
0.0502105115170022
0.0501984533958352
0.0501800833857817
0.0501550635457651
0.0501229468009657
0.0500831823375336
0.0500351258279657
0.0499780577468870
0.0499112149954078
0.0498338444443810
0.0497452933374804
0.0496451645878963
0.0495335965802849
0.0494118250733785
0.0493957777117202
0.0495163412720391
0.0496267485152721
0.0497257798791313
0.0498133107900925
0.0498897488483440
0.0499557538129929
0.0500120825731228
0.0500594993067215
0.0500987226346564
0.0501303947085819
0.0501550635457651
0.0501731733515958
0.0501850595549507
0.0501909464970101
0.0501909464970101
0.0501850595549508
0.0501731733515958
0.0501550635457651
0.0501303947085819
0.0500987226346564
0.0500594993067215
0.0500120825731228
0.0499557538129929
0.0498897488483440
0.0498133107900925
0.0497257798791311
0.0496267485152721
0.0495163412720395
0.0493957777117202
0.0493752596256790
0.0494942431996737
0.0496031346659188
0.0497007367972265
0.0497869434825363
0.0498621757718569
0.0499271017565139
0.0499824821117123
0.0500290811969855
0.0500676152767890
0.0500987226346564
0.0501229468009657
0.0501407275979563
0.0501523967237875
0.0501581758292960
0.0501581758292960
0.0501523967237875
0.0501407275979563
0.0501229468009657
0.0500987226346564
0.0500676152767890
0.0500290811969855
0.0499824821117125
0.0499271017565139
0.0498621757718569
0.0497869434825363
0.0497007367972264
0.0496031346659195
0.0494942431996740
0.0493752596256790
0.0493499725237339
0.0494669540445774
0.0495739290634609
0.0496697304977743
0.0497542761453832
0.0498280034328628
0.0498915895167453
0.0499457979584884
0.0499913913650747
0.0500290811969848
0.0500594993067215
0.0500831823375335
0.0501005636703280
0.0501119696646124
0.0501176181839936
0.0501176181839936
0.0501119696646124
0.0501005636703280
0.0500831823375336
0.0500594993067215
0.0500290811969855
0.0499913913650750
0.0499457979584884
0.0498915895167452
0.0498280034328628
0.0497542761453832
0.0496697304977743
0.0495739290634610
0.0494669540445774
0.0493499725237339
0.0493195691753427
0.0494340631022126
0.0495386638967989
0.0496322447325859
0.0497147536233064
0.0497866469417703
0.0498486105043886
0.0499014083739435
0.0499457979584895
0.0499824821117136
0.0500120825731228
0.0500351258279658
0.0500520361155535
0.0500631324036897
0.0500686273936611
0.0500686273936611
0.0500631324036898
0.0500520361155535
0.0500351258279658
0.0500120825731228
0.0499824821117136
0.0499457979584888
0.0499014083739420
0.0498486105043886
0.0497866469417703
0.0497147536233064
0.0496322447325859
0.0495386638967990
0.0494340631022126
0.0493195691753427
0.0492836638750983
0.0493951057569844
0.0494968050367443
0.0495876883418535
0.0496677408896490
0.0497374394497301
0.0497974760294905
0.0498486105043884
0.0498915895167456
0.0499271017565138
0.0499557538129930
0.0499780577468860
0.0499944252552050
0.0500051653939119
0.0500104840435769
0.0500104840435771
0.0500051653939119
0.0499944252552050
0.0499780577468860
0.0499557538129930
0.0499271017565138
0.0498915895167453
0.0498486105043884
0.0497974760294899
0.0497374394497301
0.0496677408896490
0.0495876883418535
0.0494968050367443
0.0493951057569844
0.0492836638750983
0.0492418497726289
0.0493495784959954
0.0494477665203591
0.0495354110572156
0.0496125413836127
0.0496796534583985
0.0497374394497300
0.0497866469417703
0.0498280034328628
0.0498621757718569
0.0498897488483440
0.0499112149954078
0.0499269692812487
0.0499373078954887
0.0499424279861626
0.0499424279861629
0.0499373078954887
0.0499269692812487
0.0499112149954078
0.0498897488483441
0.0498621757718569
0.0498280034328628
0.0497866469417703
0.0497374394497300
0.0496796534583985
0.0496125413836127
0.0495354110572154
0.0494477665203590
0.0493495784959954
0.0492418497726290
0.0491937273675386
0.0492969650029297
0.0493909374946521
0.0494747341338459
0.0495484326371922
0.0496125413836126
0.0496677408896490
0.0497147536233064
0.0497542761453827
0.0497869434825362
0.0498133107900928
0.0498338444443811
0.0498489182378704
0.0498588122123916
0.0498637126940671
0.0498637126940671
0.0498588122123916
0.0498489182378701
0.0498338444443811
0.0498133107900928
0.0497869434825363
0.0497542761453824
0.0497147536233064
0.0496677408896490
0.0496125413836132
0.0495484326371919
0.0494747341338459
0.0493909374946519
0.0492969650029295
0.0491937273675386
0.0491389516346614
0.0492367816441665
0.0493257322995828
0.0494050090525943
0.0494747341338461
0.0495354110572155
0.0495876883418541
0.0496322447325860
0.0496697304977742
0.0497007367972265
0.0497257798791310
0.0497452933374805
0.0497596247493535
0.0497690345959860
0.0497736962403030
0.0497736962403030
0.0497690345959860
0.0497596247493534
0.0497452933374805
0.0497257798791310
0.0497007367972265
0.0496697304977744
0.0496322447325860
0.0495876883418541
0.0495354110572156
0.0494747341338459
0.0494050090525949
0.0493257322995829
0.0492367816441665
0.0491389516346614
0.0490773117986859
0.0491686593330345
0.0492516868378428
0.0493257322995827
0.0493909374946521
0.0494477665203590
0.0494968050367443
0.0495386638967986
0.0495739290634613
0.0496031346659188
0.0496267485152721
0.0496451645878964
0.0496586994285273
0.0496675906921454
0.0496719967553588
0.0496719967553588
0.0496675906921454
0.0496586994285274
0.0496451645878962
0.0496267485152721
0.0496031346659188
0.0495739290634613
0.0495386638967986
0.0494968050367441
0.0494477665203590
0.0493909374946521
0.0493257322995826
0.0492516868378428
0.0491686593330344
0.0490773117986860
0.0490088736301497
0.0490925036018915
0.0491686593330344
0.0492367816441660
0.0492969650029297
0.0493495784959954
0.0493951057569844
0.0494340631022133
0.0494669540445774
0.0494942431996738
0.0495163412720391
0.0495335965802848
0.0495462904660956
0.0495546349700875
0.0495587717710015
0.0495587717710016
0.0495546349700875
0.0495462904660960
0.0495335965802848
0.0495163412720391
0.0494942431996740
0.0494669540445774
0.0494340631022129
0.0493951057569844
0.0493495784959955
0.0492969650029295
0.0492367816441665
0.0491686593330343
0.0490925036018919
0.0490088736301497
0.0489342636516550
0.0490088736301497
0.0490773117986860
0.0491389516346614
0.0491937273675386
0.0492418497726290
0.0492836638750982
0.0493195691753426
0.0493499725237336
0.0493752596256790
0.0493957777117202
0.0494118250733787
0.0494236448603024
0.0494314215117007
0.0494352787926247
0.0494352787926245
0.0494314215117009
0.0494236448603024
0.0494118250733785
0.0493957777117202
0.0493752596256790
0.0493499725237339
0.0493195691753426
0.0492836638750983
0.0492418497726290
0.0491937273675386
0.0491389516346614
0.0490773117986860
0.0490088736301497
0.0489342636516550
0.9655423659292235
0.9663678453359744
0.9671311042266897
0.9678224656243034
0.9684391658024641
0.9689821486464034
0.9694543796674749
0.9698598383323207
0.9702028795865694
0.9704878186168695
0.9707186585142522
0.9708989121775676
0.9710314872008001
0.9711186130098287
0.9711617963978771
0.9711617963978951
0.9711186130098287
0.9710314872007954
0.9708989121775676
0.9707186585142522
0.9704878186168695
0.9702028795865694
0.9698598383323207
0.9694543796674749
0.9689821486464034
0.9684391658025121
0.9678224656243034
0.9671311042266897
0.9663678453359744
0.9655423659292235
0.9663678453359744
0.9673099115681896
0.9681754447767531
0.9689545676732921
0.9696457856275016
0.9702515532247336
0.9707762936535513
0.9712253035024281
0.9716040885120140
0.9719179450718021
0.9721716935360473
0.9723695090062264
0.9725148156015485
0.9726102220763070
0.9726574841640117
0.9726574841640117
0.9726102220763070
0.9725148156015485
0.9723695090062264
0.9721716935360473
0.9719179450718021
0.9716040885120140
0.9712253035024281
0.9707762936535513
0.9702515532247336
0.9696457856275016
0.9689545676732921
0.9681754447767531
0.9673099115681896
0.9663678453359744
0.9671311042266897
0.9681754447767531
0.9691342572292059
0.9699954551548317
0.9707574601622339
0.9714234805426286
0.9719989651455343
0.9724902701530936
0.9729038923904088
0.9732460072678913
0.9735221855487991
0.9737372202453086
0.9738950226826805
0.9739985620003211
0.9740498315312180
0.9740498315312180
0.9739985620003211
0.9738950226826805
0.9737372202453086
0.9735221855487991
0.9732460072678913
0.9729038923904088
0.9724902701530936
0.9719989651455343
0.9714234805426286
0.9707574601622339
0.9699954551548317
0.9691342572292059
0.9681754447767531
0.9671311042266897
0.9678224656243034
0.9689545676732921
0.9699954551548317
0.9709305750280912
0.9717574927868270
0.9724795051606764
0.9731026111605000
0.9736339010926285
0.9740806409544542
0.9744497328195658
0.9747473924906105
0.9749789578672829
0.9751487773456461
0.9752601471120437
0.9753152777237103
0.9753152777237103
0.9752601471120437
0.9751487773456461
0.9749789578672829
0.9747473924906105
0.9744497328195658
0.9740806409544542
0.9736339010926285
0.9731026111605000
0.9724795051606764
0.9717574927868270
0.9709305750280912
0.9699954551548317
0.9689545676732921
0.9678224656243034
0.9684391658025121
0.9696457856275089
0.9707574601622339
0.9717574927868270
0.9726423540011391
0.9734150313683629
0.9740817000355569
0.9746498833133850
0.9751273878812105
0.9755216733887466
0.9758394771658453
0.9760865928395529
0.9762677427675245
0.9763865072662211
0.9764452874762436
0.9764452874762436
0.9763865072662211
0.9762677427675245
0.9760865928395529
0.9758394771658453
0.9755216733887466
0.9751273878812105
0.9746498833133850
0.9740817000355569
0.9734150313683629
0.9726423540011391
0.9717574927868270
0.9707574601622339
0.9696457856275089
0.9684391658025121
0.9689821486464034
0.9702515532247336
0.9714234805426333
0.9724795051606764
0.9734150313683629
0.9742325625672057
0.9749382111125013
0.9755397016133640
0.9760451835117750
0.9764625150533472
0.9767988318885106
0.9770602904840684
0.9772519192609010
0.9773775354159436
0.9774397008839054
0.9774397008839054
0.9773775354159436
0.9772519192609010
0.9770602904840684
0.9767988318885106
0.9764625150533472
0.9760451835117750
0.9755397016133640
0.9749382111125013
0.9742325625672057
0.9734150313683629
0.9724795051606764
0.9714234805426333
0.9702515532247336
0.9689821486464034
0.9694543796674749
0.9707762936535513
0.9719989651455343
0.9731026111605000
0.9740817000355569
0.9749382111125013
0.9756780663754189
0.9763090354673576
0.9768394583688794
0.9772774584014162
0.9776304593342252
0.9779048934566940
0.9781060294471859
0.9782378744525745
0.9783031211134141
0.9783031211134141
0.9782378744525745
0.9781060294471859
0.9779048934566940
0.9776304593342252
0.9772774584014162
0.9768394583688794
0.9763090354673576
0.9756780663754189
0.9749382111125013
0.9740817000355569
0.9731026111605000
0.9719989651455343
0.9707762936535513
0.9694543796674749
0.9698598383323207
0.9712253035024281
0.9724902701530984
0.9736339010926285
0.9746498833133850
0.9755397016133640
0.9763090354673576
0.9769656059899893
0.9775178370760965
0.9779740141779961
0.9783417583652910
0.9786277024740189
0.9788372964484837
0.9789746942161921
0.9790426909639202
0.9790426909639202
0.9789746942161921
0.9788372964484837
0.9786277024740189
0.9783417583652910
0.9779740141779906
0.9775178370760965
0.9769656059899893
0.9763090354673576
0.9755397016133640
0.9746498833133850
0.9736339010926285
0.9724902701530984
0.9712253035024281
0.9698598383323207
0.9702028795865694
0.9716040885120140
0.9729038923904088
0.9740806409544542
0.9751273878812105
0.9760451835117750
0.9768394583688794
0.9775178370760965
0.9780887590894363
0.9785605981800322
0.9789411027209860
0.9792370450240675
0.9794540066270624
0.9795962509049174
0.9796666507882207
0.9796666507882207
0.9795962509049174
0.9794540066270624
0.9792370450240675
0.9789411027209860
0.9785605981800322
0.9780887590894363
0.9775178370760965
0.9768394583688794
0.9760451835117750
0.9751273878812105
0.9740806409544542
0.9729038923904088
0.9716040885120140
0.9702028795865694
0.9704878186168695
0.9719179450718021
0.9732460072679113
0.9744497328195658
0.9755216733887466
0.9764625150533472
0.9772774584014217
0.9779740141780382
0.9785605981800322
0.9790456232698364
0.9794369143310939
0.9797413362875342
0.9799645626022311
0.9801109354338327
0.9801833847012151
0.9801833847012151
0.9801109354338327
0.9799645626022311
0.9797413362875342
0.9794369143310939
0.9790456232698316
0.9785605981800505
0.9779740141780382
0.9772774584014162
0.9764625150533472
0.9755216733887466
0.9744497328195658
0.9732460072679113
0.9719179450718021
0.9704878186168695
0.9707186585142522
0.9721716935360473
0.9735221855487991
0.9747473924906105
0.9758394771658453
0.9767988318885106
0.9776304593342269
0.9783417583652910
0.9789411027209860
0.9794369143310939
0.9798370599553701
0.9801484629753597
0.9803768585612015
0.9805266435711033
0.9806007882721506
0.9806007882721506
0.9805266435711033
0.9803768585612015
0.9801484629753597
0.9798370599553701
0.9794369143310939
0.9789411027209860
0.9783417583652910
0.9776304593342269
0.9767988318885106
0.9758394771658453
0.9747473924906105
0.9735221855487991
0.9721716935360473
0.9707186585142522
0.9708989121775676
0.9723695090062264
0.9737372202453086
0.9749789578672829
0.9760865928395529
0.9770602904840684
0.9779048934566932
0.9786277024739930
0.9792370450240675
0.9797413362875342
0.9801484629753597
0.9804653833027346
0.9806978720930720
0.9808503626940964
0.9809258528545713
0.9809258528545713
0.9808503626940939
0.9806978720930720
0.9804653833027346
0.9801484629753597
0.9797413362875342
0.9792370450240675
0.9786277024739930
0.9779048934566932
0.9770602904840684
0.9760865928395529
0.9749789578672829
0.9737372202453086
0.9723695090062264
0.9708989121775676
0.9710314872008001
0.9725148156015485
0.9738950226826805
0.9751487773456461
0.9762677427675041
0.9772519192609010
0.9781060294471859
0.9788372964484837
0.9794540066270624
0.9799645626022311
0.9803768585612015
0.9806978720930720
0.9809334021604631
0.9810879052293766
0.9811643968268001
0.9811643968268045
0.9810879052293766
0.9809334021604631
0.9806978720930720
0.9803768585612015
0.9799645626022311
0.9794540066270624
0.9788372964484837
0.9781060294471859
0.9772519192609010
0.9762677427675245
0.9751487773456461
0.9738950226826805
0.9725148156015485
0.9710314872008001
0.9711186130098287
0.9726102220763070
0.9739985620003211
0.9752601471120437
0.9763865072662211
0.9773775354159436
0.9782378744525745
0.9789746942161983
0.9795962509049174
0.9801109354338248
0.9805266435711033
0.9808503626940964
0.9810879052293766
0.9812437410387316
0.9813208961474348
0.9813208961474348
0.9812437410387316
0.9810879052293766
0.9808503626940964
0.9805266435711033
0.9801109354338327
0.9795962509049174
0.9789746942161921
0.9782378744525745
0.9773775354159436
0.9763865072662211
0.9752601471120437
0.9739985620003211
0.9726102220763070
0.9711186130098287
0.9711617963978715
0.9726574841640117
0.9740498315312180
0.9753152777237103
0.9764452874762436
0.9774397008839054
0.9783031211134141
0.9790426909639202
0.9796666507882206
0.9801833847012151
0.9806007882721506
0.9809258528545713
0.9811643968268045
0.9813208961474348
0.9813983816846410
0.9813983816846410
0.9813208961474348
0.9811643968268045
0.9809258528545713
0.9806007882721506
0.9801833847012151
0.9796666507882207
0.9790426909639202
0.9783031211134141
0.9774397008839054
0.9764452874762436
0.9753152777237103
0.9740498315312180
0.9726574841640117
0.9711617963978715
0.9711617963978715
0.9726574841640117
0.9740498315312180
0.9753152777237103
0.9764452874762436
0.9774397008839054
0.9783031211134133
0.9790426909639202
0.9796666507882207
0.9801833847012151
0.9806007882721506
0.9809258528545713
0.9811643968268045
0.9813208961474348
0.9813983816846410
0.9813983816846410
0.9813208961474348
0.9811643968268045
0.9809258528545713
0.9806007882721506
0.9801833847012151
0.9796666507882207
0.9790426909639202
0.9783031211134141
0.9774397008839054
0.9764452874762436
0.9753152777237103
0.9740498315312180
0.9726574841640117
0.9711617963978715
0.9711186130098287
0.9726102220763070
0.9739985620003211
0.9752601471120437
0.9763865072662191
0.9773775354159436
0.9782378744525745
0.9789746942161921
0.9795962509049174
0.9801109354338327
0.9805266435711033
0.9808503626940964
0.9810879052293766
0.9812437410387316
0.9813208961474348
0.9813208961474348
0.9812437410387316
0.9810879052293766
0.9808503626940939
0.9805266435711033
0.9801109354338327
0.9795962509049174
0.9789746942161921
0.9782378744525745
0.9773775354159436
0.9763865072662211
0.9752601471120437
0.9739985620003211
0.9726102220763070
0.9711186130098287
0.9710314872007954
0.9725148156015485
0.9738950226826805
0.9751487773456461
0.9762677427675245
0.9772519192609010
0.9781060294471859
0.9788372964484837
0.9794540066270624
0.9799645626022311
0.9803768585612015
0.9806978720930720
0.9809334021604464
0.9810879052293766
0.9811643968268045
0.9811643968268045
0.9810879052293766
0.9809334021604464
0.9806978720930720
0.9803768585612015
0.9799645626022311
0.9794540066270624
0.9788372964484837
0.9781060294471859
0.9772519192609020
0.9762677427675245
0.9751487773456461
0.9738950226826805
0.9725148156015485
0.9710314872008001
0.9708989121775676
0.9723695090062264
0.9737372202453086
0.9749789578672829
0.9760865928395529
0.9770602904840684
0.9779048934566651
0.9786277024740189
0.9792370450240675
0.9797413362875342
0.9801484629753597
0.9804653833027153
0.9806978720930720
0.9808503626940939
0.9809258528545713
0.9809258528545713
0.9808503626940964
0.9806978720930720
0.9804653833027153
0.9801484629753597
0.9797413362875342
0.9792370450240675
0.9786277024740189
0.9779048934566651
0.9770602904840684
0.9760865928395529
0.9749789578672829
0.9737372202453086
0.9723695090062264
0.9708989121775676
0.9707186585142522
0.9721716935360473
0.9735221855487991
0.9747473924906105
0.9758394771658453
0.9767988318885106
0.9776304593342252
0.9783417583652910
0.9789411027209860
0.9794369143310939
0.9798370599553701
0.9801484629753597
0.9803768585612015
0.9805266435711033
0.9806007882721506
0.9806007882721506
0.9805266435711033
0.9803768585612015
0.9801484629753597
0.9798370599553701
0.9794369143310939
0.9789411027209860
0.9783417583652910
0.9776304593342252
0.9767988318885106
0.9758394771658453
0.9747473924906105
0.9735221855487991
0.9721716935360368
0.9707186585142522
0.9704878186168695
0.9719179450718021
0.9732460072679113
0.9744497328195658
0.9755216733887466
0.9764625150533472
0.9772774584014162
0.9779740141780382
0.9785605981800322
0.9790456232698316
0.9794369143310939
0.9797413362875342
0.9799645626022311
0.9801109354338332
0.9801833847012151
0.9801833847012151
0.9801109354338332
0.9799645626022311
0.9797413362875342
0.9794369143310939
0.9790456232698316
0.9785605981800322
0.9779740141780382
0.9772774584014162
0.9764625150533472
0.9755216733887466
0.9744497328195658
0.9732460072678913
0.9719179450718021
0.9704878186168695
0.9702028795865694
0.9716040885120140
0.9729038923904088
0.9740806409544542
0.9751273878812105
0.9760451835117750
0.9768394583688794
0.9775178370760965
0.9780887590894376
0.9785605981800505
0.9789411027209860
0.9792370450240675
0.9794540066270624
0.9795962509049174
0.9796666507882207
0.9796666507882207
0.9795962509049174
0.9794540066270624
0.9792370450240675
0.9789411027209860
0.9785605981800322
0.9780887590894228
0.9775178370760965
0.9768394583688794
0.9760451835117750
0.9751273878812105
0.9740806409544542
0.9729038923904088
0.9716040885120140
0.9702028795865694
0.9698598383323207
0.9712253035024281
0.9724902701530984
0.9736339010926285
0.9746498833133850
0.9755397016133640
0.9763090354673576
0.9769656059899472
0.9775178370760750
0.9779740141779961
0.9783417583652910
0.9786277024740189
0.9788372964484837
0.9789746942161983
0.9790426909639202
0.9790426909639202
0.9789746942161921
0.9788372964484837
0.9786277024740189
0.9783417583652910
0.9779740141779961
0.9775178370760965
0.9769656059899893
0.9763090354673576
0.9755397016133640
0.9746498833133850
0.9736339010926285
0.9724902701530936
0.9712253035024281
0.9698598383323207
0.9694543796674749
0.9707762936535513
0.9719989651455343
0.9731026111605000
0.9740817000355569
0.9749382111125013
0.9756780663754189
0.9763090354673576
0.9768394583688794
0.9772774584014162
0.9776304593342269
0.9779048934566940
0.9781060294471859
0.9782378744525745
0.9783031211134141
0.9783031211134141
0.9782378744525745
0.9781060294471859
0.9779048934566940
0.9776304593342269
0.9772774584014162
0.9768394583688794
0.9763090354673576
0.9756780663754189
0.9749382111125013
0.9740817000355569
0.9731026111605000
0.9719989651455343
0.9707762936535513
0.9694543796674749
0.9689821486464034
0.9702515532247336
0.9714234805426333
0.9724795051606764
0.9734150313683629
0.9742325625672057
0.9749382111125013
0.9755397016133640
0.9760451835117750
0.9764625150533472
0.9767988318885106
0.9770602904840684
0.9772519192609010
0.9773775354159436
0.9774397008839054
0.9774397008839054
0.9773775354159436
0.9772519192609010
0.9770602904840684
0.9767988318885106
0.9764625150533472
0.9760451835117750
0.9755397016133640
0.9749382111125013
0.9742325625672057
0.9734150313683629
0.9724795051606764
0.9714234805426333
0.9702515532247336
0.9689821486464034
0.9684391658025121
0.9696457856275016
0.9707574601622339
0.9717574927868270
0.9726423540011391
0.9734150313683629
0.9740817000355569
0.9746498833133850
0.9751273878812105
0.9755216733887466
0.9758394771658453
0.9760865928395529
0.9762677427675245
0.9763865072662211
0.9764452874762436
0.9764452874762436
0.9763865072662211
0.9762677427675245
0.9760865928395529
0.9758394771658453
0.9755216733887466
0.9751273878812105
0.9746498833133850
0.9740817000355569
0.9734150313683474
0.9726423540011369
0.9717574927868270
0.9707574601622339
0.9696457856275089
0.9684391658025121
0.9678224656243034
0.9689545676732921
0.9699954551548317
0.9709305750280912
0.9717574927868270
0.9724795051606764
0.9731026111604790
0.9736339010926285
0.9740806409544542
0.9744497328195658
0.9747473924906105
0.9749789578672829
0.9751487773456461
0.9752601471120437
0.9753152777237103
0.9753152777237103
0.9752601471120437
0.9751487773456461
0.9749789578672829
0.9747473924906105
0.9744497328195658
0.9740806409544542
0.9736339010926285
0.9731026111604790
0.9724795051606764
0.9717574927868270
0.9709305750280912
0.9699954551548251
0.9689545676732921
0.9678224656243034
0.9671311042266897
0.9681754447767531
0.9691342572292059
0.9699954551548317
0.9707574601622339
0.9714234805426333
0.9719989651455343
0.9724902701530936
0.9729038923904088
0.9732460072679113
0.9735221855487991
0.9737372202453086
0.9738950226826805
0.9739985620003211
0.9740498315312180
0.9740498315312180
0.9739985620003211
0.9738950226826805
0.9737372202453086
0.9735221855487991
0.9732460072679113
0.9729038923904088
0.9724902701530936
0.9719989651455343
0.9714234805426333
0.9707574601622339
0.9699954551548317
0.9691342572292059
0.9681754447767531
0.9671311042266897
0.9663678453359744
0.9673099115681896
0.9681754447767531
0.9689545676732921
0.9696457856275016
0.9702515532247336
0.9707762936535513
0.9712253035024281
0.9716040885120140
0.9719179450718021
0.9721716935360473
0.9723695090062264
0.9725148156015485
0.9726102220763070
0.9726574841640117
0.9726574841640117
0.9726102220763070
0.9725148156015485
0.9723695090062264
0.9721716935360473
0.9719179450718021
0.9716040885120140
0.9712253035024281
0.9707762936535513
0.9702515532247336
0.9696457856275089
0.9689545676732921
0.9681754447767531
0.9673099115681896
0.9663678453359744
0.9655423659292235
0.9663678453359744
0.9671311042266897
0.9678224656243034
0.9684391658025121
0.9689821486464034
0.9694543796674749
0.9698598383323207
0.9702028795865694
0.9704878186168695
0.9707186585142522
0.9708989121775676
0.9710314872008001
0.9711186130098287
0.9711617963978715
0.9711617963978715
0.9711186130098287
0.9710314872007954
0.9708989121775676
0.9707186585142522
0.9704878186168695
0.9702028795865694
0.9698598383323207
0.9694543796674749
0.9689821486464034
0.9684391658025121
0.9678224656243034
0.9671311042266897
0.9663678453359744
0.9655423659292235
